日期,产气量(104m3/d),产水量/m3/d,井底流压/MPa,地层压力/MPa
2014/11/12,68.96996751,5.999999987,74.24614616,71.59122293
2014/11/13,93.75856365,9.999999978,73.8956502,74.23520824
2014/11/14,96.75087526,6.499999986,73.60686386,74.2242054
2014/11/15,96.82307554,6.999999984,73.53073828,74.21322033
2014/11/16,96.84457562,7.499999983,73.53308574,74.20224021
2014/11/17,99.92148756,7.499999983,73.52829939,74.19123123
2014/11/18,99.16668463,7.499999983,73.55885596,74.18017627
2014/11/19,97.88067964,8.99999998,73.57333746,74.16918067
2014/11/20,98.01858018,7.499999983,73.5780706,74.15820521
2014/11/21,99.41928561,7.499999983,73.59760192,74.14720078
2014/11/22,99.77108697,8.99999998,73.64755205,74.13619362
2014/11/23,99.73578684,8.99999998,73.66453717,74.12520146
2014/11/24,100.56009,8.99999998,73.73653891,74.1142068
2014/11/25,101.7062945,7.799999983,73.73098586,74.10319022
2014/11/26,102.3026968,7.999999982,73.78898799,74.09216202
2014/11/27,93.21016153,5.999999987,72.50399758,74.08146808
2014/11/28,100.6803905,6.499999986,74.08511221,74.0704579
2014/11/29,100.7174906,6.799999985,74.03697387,74.05945425
2014/11/30,100.4711897,6.999999984,74.030082,74.04849346
2014/12/1,103.0905998,8.99999998,74.0575774,74.03744615
2014/12/2,101.4429935,8.99999998,74.04608555,74.02641292
2014/12/3,101.2506927,7.499999983,74.03466014,74.01541334
2014/12/4,100.2468888,5.999999987,74.02573758,74.00440509
2014/12/5,98.74508299,5.999999987,73.97310864,73.99341483
2014/12/6,98.54218221,5.999999987,73.95061503,73.98246277
2014/12/7,98.77888312,7.499999983,73.96637698,73.97149429
2014/12/8,98.67828273,5.999999987,73.94473103,73.96077702
2014/12/9,99.5964863,5.999999987,73.90033877,73.9498034
2014/12/10,97.77087921,6.499999986,73.92844223,73.93887379
2014/12/11,98.42458175,7.999999982,73.56008674,73.92794724
2014/12/12,98.01148015,7.499999983,73.64022755,73.91704952
2014/12/13,96.63627481,7.499999983,73.64688264,73.90618397
2014/12/14,97.72147902,7.499999983,73.15703932,73.89532143
2014/12/15,97.69447892,7.499999983,73.31146594,73.88448842
2014/12/16,98.09258046,7.499999983,73.4708609,73.87369948
2014/12/17,100.2304888,7.499999983,73.0604837,73.8628163
2014/12/18,101.0873921,7.499999983,73.33593002,73.85191945
2014/12/19,101.4182934,7.499999983,73.47836629,73.84102232
2014/12/20,102.0031956,7.499999983,73.66045628,73.83002518
2014/12/21,100.9783917,7.499999983,73.626999,73.81905602
2014/12/22,99.73718684,7.499999983,73.53898409,73.80811408
2014/12/23,101.0812921,7.499999983,73.71195916,73.79713218
2014/12/24,100.8874913,7.999999982,73.74225459,73.78616178
2014/12/25,101.9539954,7.499999983,73.55023699,73.77517087
2014/12/26,102.860099,7.999999982,73.41444533,73.76415244
2014/12/27,103.2984007,7.999999982,73.4445132,73.75312956
2014/12/28,102.107696,7.499999983,73.515632,73.74217422
2014/12/29,101.9354954,7.499999983,73.35987962,73.73116234
2014/12/30,102.5522978,7.499999983,73.44148854,73.72016581
2014/12/31,103.9471032,7.499999983,73.38459152,73.70913193
2015/1/1,103.1878002,7.499999983,73.49431162,73.6981364
2015/1/2,101.065992,7.499999983,73.36488337,73.68720568
2015/1/3,100.9750916,7.499999983,73.51150411,73.67624181
2015/1/4,100.8605912,7.499999983,73.54034186,73.66533026
2015/1/5,100.7236907,7.499999983,73.50385193,73.65574465
2015/1/6,100.7463908,7.499999983,73.42268944,73.64568118
2015/1/7,101.2624928,7.499999983,73.34546431,73.63563759
2015/1/8,102.0212957,7.499999983,73.46386431,73.62484595
2015/1/9,101.1304922,7.499999983,73.28852652,73.61402802
2015/1/10,101.4241934,8.99999998,73.31165102,73.60326104
2015/1/11,101.0516919,7.999999982,73.46790294,73.5925206
2015/1/12,100.8778913,7.499999983,73.28064455,73.58173115
2015/1/13,100.9871917,7.999999982,73.42915762,73.57098509
2015/1/14,101.0036918,7.499999983,73.30545064,73.56025344
2015/1/15,103.4856014,7.999999982,73.38279149,73.5494431
2015/1/16,104.7774064,8.99999998,73.48232577,73.53916649
2015/1/17,104.945507,8.99999998,73.46047627,73.52822994
2015/1/18,105.3752087,9.499999979,73.42800837,73.51732187
2015/1/19,105.459609,7.999999982,73.42761721,73.50636265
2015/1/20,105.5607094,8.99999998,73.41879805,73.49564387
2015/1/21,104.9483071,8.99999998,73.51295998,73.48447306
2015/1/22,104.9921072,7.999999982,73.42427162,73.47326502
2015/1/23,105.186808,8.499999981,73.40563482,73.46209172
2015/1/24,105.443109,8.99999998,73.38395066,73.45091422
2015/1/25,105.7346101,8.99999998,73.35613256,73.43973225
2015/1/26,106.0200112,8.99999998,73.3693861,73.42855641
2015/1/27,106.0244112,7.499999983,73.36991248,73.41738366
2015/1/28,105.974711,10.99999998,73.34312573,73.40621287
2015/1/29,105.5970096,7.499999983,73.39184708,73.395058
2015/1/30,104.156704,8.99999998,73.32569523,73.38462544
2015/1/31,104.0150034,8.99999998,73.35080158,73.37352469
2015/2/1,103.907703,5.499999988,73.11896861,73.36246661
2015/2/2,102.9480993,5.499999988,72.98581252,73.35143811
2015/2/3,103.0275996,5.699999987,73.00552675,73.3405665
2015/2/4,103.0123995,9.999999978,73.3694425,73.3301184
2015/2/5,103.4437012,9.699999978,73.33612317,73.31934441
2015/2/6,103.2035003,9.999999978,73.31855248,73.30860544
2015/2/7,102.9962995,9.999999978,73.23174427,73.29842863
2015/2/8,103.7214023,8.99999998,73.21196161,73.2876319
2015/2/9,104.0675036,9.799999978,73.29433457,73.27685127
2015/2/10,104.414405,8.99999998,73.18905975,73.26605752
2015/2/11,104.5826056,7.999999982,73.24022095,73.25730123
2015/2/12,104.5264054,9.999999978,73.19184569,73.24746442
2015/2/13,104.5721056,8.99999998,73.19724422,73.23666423
2015/2/14,104.676206,9.999999978,73.1991163,73.22587755
2015/2/15,104.5721056,8.99999998,73.15550763,73.21508907
2015/2/16,104.5714056,9.999999978,73.1554249,73.20432348
2015/2/17,104.8592067,9.999999978,73.06430333,73.1935553
2015/2/18,105.8004104,8.99999998,73.02003238,73.1827941
2015/2/19,105.8186104,9.999999978,73.00136549,73.17203865
2015/2/20,106.0385113,9.699999978,72.98603614,73.16134759
2015/2/21,106.1690118,9.999999978,72.87667009,73.15059142
2015/2/22,106.3972127,10.99999998,72.89371765,73.13983008
2015/2/23,106.5086131,9.999999978,72.84464776,73.12905975
2015/2/24,106.6171135,9.999999978,72.8160833,73.11829527
2015/2/25,106.5003131,9.999999978,72.83323004,73.10754196
2015/2/26,106.3845126,10.99999998,72.78801304,73.09679121
2015/2/27,106.4140127,9.999999978,72.73948413,73.08597061
2015/2/28,106.4203128,9.999999978,72.71940993,73.07514085
2015/3/1,106.3103123,9.999999978,72.6853066,73.06431911
2015/3/2,106.0224112,9.999999978,72.6610571,73.05351868
2015/3/3,105.453009,9.699999978,72.66572553,73.04271395
2015/3/4,105.962911,10.99999998,72.58095251,73.03190894
2015/3/5,105.8536106,9.999999978,72.46358714,73.0211885
2015/3/6,105.5578094,8.99999998,72.57401429,73.01045745
2015/3/7,104.8934068,9.999999978,72.57808206,72.99970293
2015/3/8,104.8355066,8.99999998,72.55032542,72.98894841
2015/3/9,104.7017061,9.799999978,72.53440858,72.97817906
2015/3/10,105.0239073,9.999999978,72.6040596,72.96738444
2015/3/11,103.2698005,9.999999978,72.42789855,72.95666042
2015/3/12,103.2153003,9.999999978,72.41105619,72.94609742
2015/3/13,103.5221015,9.999999978,72.40532089,72.93529471
2015/3/14,103.5127015,9.999999978,72.43554849,72.92483542
2015/3/15,103.5931018,11.99999997,72.43456595,72.91412089
2015/3/16,103.6096019,9.999999978,72.44695226,72.90341404
2015/3/17,103.4956014,10.99999998,72.41264763,72.89272853
2015/3/18,103.5241015,9.999999978,72.40555624,72.88206793
2015/3/19,103.4341012,11.99999997,72.39496957,72.87141184
2015/3/20,103.3298008,9.999999978,72.38271119,72.86077344
2015/3/21,103.1875002,11.99999997,72.38689988,72.85011721
2015/3/22,102.9264992,9.999999978,72.35631646,72.83941298
2015/3/23,102.6708982,9.999999978,72.33688603,72.82870842
2015/3/24,102.5358977,11.99999997,72.32113119,72.81802584
2015/3/25,102.6413981,9.999999978,72.30208359,72.80733322
2015/3/26,102.5907979,9.999999978,72.29617637,72.79664887
2015/3/27,102.7039983,9.999999978,72.29894323,72.7859721
2015/3/28,102.6693982,9.999999978,72.26354359,72.77529032
2015/3/29,102.7284984,9.999999978,72.24954643,72.76461981
2015/3/30,102.6976983,9.999999978,72.26685045,72.75394551
2015/3/31,102.6777982,9.999999978,72.24362016,72.74329445
2015/4/1,89.90894872,7.999999982,72.57898322,72.7343606
2015/4/2,66.10855641,5.999999987,71.22211418,72.72726221
2015/4/3,65.19525287,6.999999984,71.05645108,72.7197456
2015/4/4,85.76483265,5.999999987,72.74713854,72.71187148
2015/4/5,86.15563416,6.999999984,72.73233926,72.70520435
2015/4/6,82.69052072,6.999999984,72.3785418,72.69873175
2015/4/7,82.36011944,6.999999984,72.07147867,72.69225862
2015/4/8,82.44861979,7.999999982,72.07980228,72.68389079
2015/4/9,78.21500337,6.999999984,72.41483324,72.67503995
2015/4/10,77.79400173,7.999999982,72.2177391,72.66620512
2015/4/11,77.75620159,6.999999984,72.20373883,72.65737028
2015/4/12,77.70970141,7.999999982,72.18896801,72.64853105
2015/4/13,77.66770124,7.999999982,72.18524496,72.63969906
2015/4/14,77.64110114,6.999999984,72.182888,72.63087523
2015/4/15,96.00797238,9.999999978,71.53972372,72.62174009
2015/4/16,103.7703025,9.999999978,71.92288293,72.61183645
2015/4/17,103.5576017,5.999999987,71.98128068,72.60180015
2015/4/18,101.2888929,7.999999982,72.08230183,72.59212963
2015/4/19,102.3139968,5.999999987,71.91886041,72.58261293
2015/4/20,102.1535962,7.999999982,71.94197904,72.57310561
2015/4/21,102.0013956,7.999999982,71.81966203,72.56361325
2015/4/22,100.7938909,7.999999982,71.45988362,72.55412805
2015/4/23,100.8755913,7.999999982,71.36461488,72.54464033
2015/4/24,100.4590896,7.999999982,71.35845201,72.53517046
2015/4/25,100.8714912,7.999999982,71.41649256,72.52569454
2015/4/26,100.8880913,7.999999982,71.40794076,72.51620635
2015/4/27,100.5968902,7.999999982,71.40574624,72.50673988
2015/4/28,100.293189,7.999999982,71.39174381,72.49728496
2015/4/29,100.6925905,7.999999982,71.44819623,72.48783142
2015/4/30,100.8353911,7.999999982,71.45420414,72.47847929
2015/5/1,100.8328911,7.999999982,71.39109162,72.46897673
2015/5/2,100.7942909,7.999999982,71.36569067,72.45998777
2015/5/3,100.7852909,7.999999982,71.37512227,72.45104323
2015/5/4,100.8360911,7.999999982,71.17157394,72.44209998
2015/5/5,101.0203918,7.999999982,71.36042746,72.43315164
2015/5/6,98.78698316,7.999999982,71.24081274,72.42428886
2015/5/7,100.802791,7.999999982,71.26196169,72.41535007
2015/5/8,100.6826905,7.999999982,71.24808375,72.40650147
2015/5/9,100.5987902,7.999999982,71.26981696,72.39764093
2015/5/10,100.4551896,7.999999982,71.2427853,72.38879143
2015/5/11,100.4946898,7.999999982,71.24733793,72.37993797
2015/5/12,100.4645897,7.999999982,71.23339421,72.37108461
2015/5/13,100.5152899,7.999999982,71.23923899,72.36170833
2015/5/14,100.5163899,9.999999978,71.20794416,72.35231327
2015/5/15,100.5768901,7.999999982,71.2253973,72.34286989
2015/5/16,100.5314899,7.999999982,71.18873827,72.33342164
2015/5/17,100.5105898,7.999999982,71.18632722,72.32559114
2015/5/18,100.5278899,7.999999982,71.19879679,72.31790616
2015/5/19,100.56069,7.999999982,71.20258112,72.31023369
2015/5/20,100.6308903,7.999999982,71.18973851,72.30256251
2015/5/21,100.6807905,7.999999982,71.18503006,72.29489148
2015/5/22,100.6468904,7.999999982,71.1706409,72.2872209
2015/5/23,100.5845901,7.999999982,71.15297265,72.27955977
2015/5/24,100.6085902,7.999999982,71.15574411,72.27189476
2015/5/25,100.5003898,7.999999982,71.13277997,72.2642398
2015/5/26,100.6803905,7.999999982,71.1535665,72.2565829
2015/5/27,100.4723897,9.999999978,71.10860058,72.24853622
2015/5/28,100.6895905,7.999999982,71.14415743,72.24114323
2015/5/29,100.7023906,9.999999978,71.13516481,72.23334294
2015/5/30,100.55159,9.999999978,71.12821545,72.22509145
2015/5/31,100.7613908,9.999999978,71.14198796,72.21803637
2015/6/1,100.6582904,7.999999982,71.16148524,72.21177296
2015/6/2,100.1097883,7.999999982,71.11922248,72.20550893
2015/6/3,100.1430884,9.999999978,71.12305101,72.19912699
2015/6/4,100.1259883,8.99999998,71.13156255,72.19140273
2015/6/5,100.1431884,7.999999982,71.12306251,72.18297203
2015/6/6,99.96568773,8.99999998,71.10266849,72.17423349
2015/6/7,99.98888782,7.999999982,71.08437421,72.16552639
2015/6/8,99.98698781,8.99999998,71.10511404,72.156817
2015/6/9,99.9842878,9.999999978,71.07336684,72.14812397
2015/6/10,99.99698785,9.999999978,71.0853045,72.13943549
2015/6/11,99.98728781,9.999999978,71.0737114,72.13076045
2015/6/12,99.95258768,9.999999978,71.06972656,72.12209495
2015/6/13,99.92468757,10.99999998,71.04556417,72.11342675
2015/6/14,99.92838758,11.99999997,71.02502963,72.1047699
2015/6/15,100.1363884,10.99999998,71.05941473,72.09610341
2015/6/16,100.2341888,11.99999997,71.04971682,72.08745232
2015/6/17,100.2548888,9.999999978,71.06257743,72.07877048
2015/6/18,100.3117891,11.99999997,71.04818018,72.0701262
2015/6/19,100.4338895,11.99999997,71.07273469,72.06146139
2015/6/20,100.3740893,11.99999997,71.04488668,72.05280199
2015/6/21,100.4439896,11.99999997,71.04247543,72.04414069
2015/6/22,100.0208879,10.99999998,71.00421944,72.03550115
2015/6/23,99.77998701,11.99999997,71.02896227,72.02687623
2015/6/24,99.77068697,12.99999997,71.027896,72.01823804
2015/6/25,99.73288682,11.99999997,71.00259997,72.0096042
2015/6/26,99.72868681,12.99999997,71.01260013,72.00097311
2015/6/27,99.8286872,11.99999997,71.01358612,71.99234703
2015/6/28,99.82578718,11.99999997,71.01325341,71.98373889
2015/6/29,99.74958689,11.99999997,70.98355157,71.97515099
2015/6/30,99.69228667,11.99999997,70.95601903,71.96654859
2015/7/1,99.71048674,11.99999997,70.93714164,71.95794565
2015/7/2,99.70528672,11.99999997,70.94702733,71.94935638
2015/7/3,99.61658637,11.99999997,70.93686224,71.94078082
2015/7/4,99.67138659,11.99999997,70.85928294,71.93220291
2015/7/5,99.58758626,11.99999997,70.90209143,71.92361685
2015/7/6,99.25128496,13.99999997,70.89508489,71.9151289
2015/7/7,99.26448501,13.99999997,70.91756421,71.90659529
2015/7/8,99.34178531,13.99999997,70.90542193,71.89805879
2015/7/9,99.61598637,13.99999997,70.89486233,71.88953454
2015/7/10,99.57998623,13.99999997,70.88025451,71.88100123
2015/7/11,99.55138612,14.99999997,70.86649492,71.87250247
2015/7/12,99.54828611,14.99999997,70.85565632,71.86398486
2015/7/13,99.57718622,13.99999997,70.8694505,71.85546472
2015/7/14,99.55578614,14.99999997,70.85651547,71.84696259
2015/7/15,99.54238609,14.99999997,70.83401327,71.83844394
2015/7/16,99.39938553,13.99999997,70.82812641,71.82992927
2015/7/17,99.34748533,13.99999997,70.82219021,71.8214392
2015/7/18,99.33708529,19.99999996,70.82100102,71.81293537
2015/7/19,99.36698541,17.49999996,70.81393495,71.80443881
2015/7/20,99.44738572,17.49999996,70.80216539,71.79596181
2015/7/21,99.520186,17.49999996,70.81050252,71.787481
2015/7/22,99.73458683,17.49999996,70.81412415,71.77899624
2015/7/23,99.65778653,14.99999997,70.79482788,71.77049111
2015/7/24,99.61258636,14.99999997,70.78964311,71.7619634
2015/7/25,99.54778611,13.99999997,70.77173012,71.75343372
2015/7/26,98.7734831,14.99999997,70.74623376,71.74497103
2015/7/27,98.50898208,13.99999997,70.74766047,71.73653818
2015/7/28,98.50298205,13.99999997,70.7364863,71.72808539
2015/7/29,98.50628207,13.99999997,70.73686072,71.71961691
2015/7/30,98.489982,14.99999997,70.7350114,71.711125
2015/7/31,98.46088189,14.99999997,70.72121667,71.70265497
2015/8/1,96.26837339,13.99999997,70.70635366,71.69427397
2015/8/2,95.22146933,14.99999997,70.68550837,71.685903
2015/8/3,95.33106975,14.99999997,70.67649849,71.67752998
2015/8/4,95.29886963,14.49999997,70.66243838,71.6689938
2015/8/5,95.30836966,14.99999997,70.66348205,71.65869678
2015/8/6,95.33986979,14.99999997,70.65642112,71.64861687
2015/8/7,95.33856978,14.99999997,70.65627824,71.63830506
2015/8/8,94.75346751,14.99999997,70.57109683,71.62780083
2015/8/9,94.66116715,14.99999997,70.56101204,71.61730505
2015/8/10,94.74506748,14.99999997,70.54912312,71.60681141
2015/8/11,94.7253674,14.99999997,70.54696974,71.59593592
2015/8/12,94.72686741,14.99999997,70.54713369,71.5850544
2015/8/13,94.74746749,14.99999997,70.5388577,71.57413459
2015/8/14,94.76906757,14.99999997,70.52016417,71.56335343
2015/8/15,94.76396755,14.99999997,70.50907862,71.55242323
2015/8/16,94.75726753,14.99999997,70.50834583,71.54152032
2015/8/17,94.72746741,14.99999997,70.48403082,71.53060777
2015/8/18,94.71036734,14.99999997,70.45057583,71.51966948
2015/8/19,94.78086762,14.99999997,70.45828869,71.50871695
2015/8/20,94.74826749,14.99999997,70.44419341,71.49777032
2015/8/21,94.82186778,14.99999997,70.45224915,71.48682361
2015/8/22,94.90026808,14.99999997,70.43978299,71.4758781
2015/8/23,94.91336813,14.99999997,70.44121875,71.46495116
2015/8/24,94.91366813,13.99999997,70.43072494,71.4540505
2015/8/25,94.88476802,14.99999997,70.41703049,71.44314589
2015/8/26,94.86616795,13.99999997,70.39393778,71.43222022
2015/8/27,94.84976788,14.99999997,70.38161316,71.42148189
2015/8/28,94.84566787,12.99999997,70.36010885,71.41055997
2015/8/29,94.86346794,13.99999997,70.36205989,71.39963994
2015/8/30,94.83906784,14.99999997,70.3488579,71.38871125
2015/8/31,94.80076769,14.99999997,70.34466092,71.37778897
2015/9/1,94.78126762,14.99999997,70.32146824,71.36687148
2015/9/2,94.73806745,14.99999997,70.31673624,71.35595228
2015/9/3,94.56056676,14.99999997,70.27625345,71.34502208
2015/9/4,17.93266955,1.999999996,65.16801272,71.3375733
2015/9/5,0,0,70.80129684,71.33460997
2015/9/6,0,0,70.72493273,71.33235779
2015/9/7,0,0,70.67038125,71.33009936
2015/9/8,0,0,70.63764808,71.32663659
2015/9/9,0,0,70.59400128,71.32325619
2015/9/10,0,0,70.53943849,71.31958664
2015/9/11,83.59202422,7.999999982,69.58711964,71.31361638
2015/9/12,96.44207406,12.99999997,70.62051414,71.30529812
2015/9/13,2.600010084,0,64.85479742,71.29948527
2015/9/14,0,0,70.7576613,71.29382378
2015/9/15,0,0,70.58308907,71.28778951
2015/9/16,24.1588937,4.999999989,67.12894094,71.27980456
2015/9/17,71.71667816,4.999999989,70.68236256,71.27064237
2015/9/18,72.72518207,6.499999986,70.63817508,71.26210179
2015/9/19,93.16276134,10.99999998,70.01900637,71.25382566
2015/9/20,95.52597051,12.49999997,69.95090248,71.24765299
2015/9/21,98.96288384,14.99999997,70.05449188,71.24118419
2015/9/22,99.14848456,14.99999997,70.08627046,71.23316179
2015/9/23,99.52618602,14.99999997,70.08776358,71.22627655
2015/9/24,99.38348547,14.99999997,70.2810558,71.21927586
2015/9/25,83.85142523,14.99999997,70.50446046,71.21376085
2015/9/26,50.69509663,5.999999987,70.25514515,71.20896726
2015/9/27,33.95273169,1.499999997,70.63114251,71.20575085
2015/9/28,35.20673655,1.999999996,70.63847128,71.20316138
2015/9/29,37.02214359,0.499999999,70.63915144,71.1972965
2015/9/30,85.6492322,14.99999997,69.90621414,71.18743661
2015/10/1,92.77095982,14.99999997,69.90295679,71.17661356
2015/10/2,93.23996164,14.99999997,70.08005814,71.16583094
2015/10/3,93.23996164,14.99999997,69.94300001,71.15504686
2015/10/4,93.16416135,14.99999997,69.66065343,71.14427711
2015/10/5,93.1006611,14.99999997,70.07556821,71.13354121
2015/10/6,93.00956075,16.49999996,70.09738232,71.12283828
2015/10/7,92.9458605,14.99999997,70.06943232,71.11214193
2015/10/8,92.93486046,14.99999997,70.0787934,71.10145915
2015/10/9,92.98586066,16.49999996,70.05264996,71.09061014
2015/10/10,93.20956152,14.99999997,70.05568948,71.07953454
2015/10/11,93.38806222,14.99999997,70.2647206,71.0683715
2015/10/12,93.45906249,14.99999997,70.0721237,71.05720738
2015/10/13,93.52016273,15.99999996,70.05765965,71.04605325
2015/10/14,93.57926296,14.99999997,70.03244494,71.03491533
2015/10/15,93.53166277,15.99999996,70.03782515,71.02378627
2015/10/16,93.76866369,15.99999996,70.03192426,71.01265291
2015/10/17,95.10546888,15.49999997,70.05179695,71.00148826
2015/10/18,95.67647109,15.99999996,70.05175057,70.99033252
2015/10/19,95.86907184,16.49999996,69.97844165,70.9795844
2015/10/20,96.15207294,16.49999996,70.11509605,70.96862455
2015/10/21,95.84377174,16.49999996,70.02822888,70.95745501
2015/10/22,96.02917246,16.99999996,70.00676273,70.94629196
2015/10/23,96.21327317,16.49999996,70.03778243,70.93502291
2015/10/24,96.50087429,15.99999996,70.05936813,70.92373146
2015/10/25,96.67037495,16.49999996,70.29907146,70.9124374
2015/10/26,96.94587601,17.49999996,70.02513556,70.90114414
2015/10/27,97.2520772,17.49999996,70.16463946,70.88983818
2015/10/28,97.19077696,17.49999996,70.0106443,70.87856373
2015/10/29,97.20367701,17.49999996,70.02260411,70.86729347
2015/10/30,97.33747753,16.99999996,70.01666966,70.856046
2015/10/31,97.4318779,16.99999996,70.02732015,70.84477716
2015/11/1,97.76177918,16.99999996,70.04361034,70.83351217
2015/11/2,97.90567974,16.49999996,70.07041653,70.82223656
2015/11/3,97.96227996,17.99999996,70.0453358,70.8109097
2015/11/4,98.11918057,17.49999996,70.07365012,70.79956353
2015/11/5,98.41978173,17.99999996,70.09735672,70.7882253
2015/11/6,98.82158329,17.99999996,70.15371655,70.77687761
2015/11/7,96.61927475,17.99999996,69.90440857,70.76559975
2015/11/8,94.87366798,17.99999996,69.64724577,70.75436073
2015/11/9,95.8595718,16.99999996,69.77750949,70.74306765
2015/11/10,96.14007289,16.99999996,69.45115786,70.73179623
2015/11/11,96.11987281,16.99999996,69.638227,70.72053424
2015/11/12,95.68597113,16.99999996,69.69507478,70.70916169
2015/11/13,95.47087029,16.99999996,69.60804411,70.69618743
2015/11/14,95.37636993,16.99999996,69.54493459,70.68294722
2015/11/15,95.3425698,16.99999996,69.54118548,70.6699127
2015/11/16,95.35566985,16.99999996,69.5426384,70.656668
2015/11/17,95.36696989,15.99999996,69.52284119,70.64342791
2015/11/18,95.32376972,15.99999996,69.4969977,70.63100227
2015/11/19,95.28416957,15.99999996,69.49260607,70.62012917
2015/11/20,95.33586977,14.99999997,69.47728848,70.60680009
2015/11/21,95.31216968,14.99999997,69.4746592,70.59094505
2015/11/22,95.36696989,14.99999997,69.44916315,70.57180242
2015/11/23,95.38746997,14.99999997,69.43038843,70.55222283
2015/11/24,95.23376937,15.99999996,69.36069717,70.53260873
2015/11/25,95.63937095,16.99999996,69.38473516,70.51293471
2015/11/26,95.64827098,16.99999996,69.37520346,70.49313233
2015/11/27,95.76347143,16.99999996,69.36700051,70.47301373
2015/11/28,95.89257193,16.99999996,69.36036849,70.45275054
2015/11/29,95.97967227,16.99999996,69.34906179,70.43189117
2015/11/30,96.13177286,16.99999996,69.35556242,70.41107792
2015/12/1,96.33707365,16.99999996,69.35754186,70.39026392
2015/12/2,95.91427201,15.99999996,69.27862673,70.36950006
2015/12/3,95.66307104,15.99999996,69.07167583,70.34849091
2015/12/4,95.68757113,16.99999996,68.25351072,70.32745431
2015/12/5,95.70997122,14.99999997,67.89816664,70.30674388
2015/12/6,95.73877133,15.99999996,68.14349813,70.28580464
2015/12/7,95.52747051,15.99999996,69.18283699,70.26485065
2015/12/8,95.32016971,15.99999996,69.10712379,70.24394063
2015/12/9,87.38203892,13.99999997,68.23621174,70.22320897
2015/12/10,0,0,63.77413069,70.20437612
2015/12/11,0,0,63.93416683,70.18566161
2015/12/12,0,0,64.09415579,70.16684142
2015/12/13,82.16311868,13.99999997,68.33194362,70.14469874
2015/12/14,93.38036219,15.99999996,68.9565463,70.1231365
2015/12/15,92.79675992,15.99999996,68.78751459,70.10066493
2015/12/16,92.82576003,15.99999996,68.48467581,70.07833283
2015/12/17,92.81906001,16.99999996,68.83214071,70.05820505
2015/12/18,92.70375956,14.99999997,68.80907256,70.03530836
2015/12/19,92.74245971,15.99999996,68.80272082,70.01146813
2015/12/20,92.66975943,14.99999997,68.73151757,69.98767611
2015/12/21,92.559259,14.99999997,68.44512736,69.96384761
2015/12/22,92.45865861,15.99999996,68.6875211,69.93998885
2015/12/23,92.27245789,16.99999996,68.68848188,69.91623181
2015/12/24,92.4031584,15.99999996,68.63928999,69.89239437
2015/12/25,92.27085788,16.99999996,68.60385751,69.86859092
2015/12/26,92.21225766,15.99999996,68.53417641,69.84494684
2015/12/27,92.08055714,16.99999996,68.11868554,69.82133589
2015/12/28,92.04065699,14.99999997,68.5050699,69.79775813
2015/12/29,91.95975668,16.99999996,68.4857761,69.77421537
2015/12/30,86.4748354,14.99999997,68.27070778,69.75105523
2015/12/31,88.6138437,16.99999996,68.0988906,69.72762159
2016/1/1,88.60054365,15.99999996,68.37286843,69.70431185
2016/1/2,88.60574367,16.99999996,68.3734098,69.68108991
2016/1/3,88.59474362,16.99999996,68.36167419,69.65782818
2016/1/4,88.57104353,16.99999996,68.32743483,69.63461416
2016/1/5,88.57814356,16.99999996,68.31758327,69.61139016
2016/1/6,80.69301298,16.99999996,68.27631673,69.58903167
2016/1/7,86.65203609,16.99999996,68.20388583,69.56606421
2016/1/8,87.5561396,16.99999996,68.1163215,69.54315736
2016/1/9,88.94714499,15.99999996,68.21844024,69.52030056
2016/1/10,88.98614514,16.99999996,68.21193464,69.49736618
2016/1/11,89.00294521,16.99999996,68.18193091,69.47433293
2016/1/12,89.03894535,15.99999996,68.17511505,69.45140173
2016/1/13,88.99324517,16.99999996,68.1597393,69.42848961
2016/1/14,85.45643145,15.99999996,67.94468366,69.40565776
2016/1/15,88.31464254,15.99999996,68.05711913,69.38275708
2016/1/16,88.36544273,15.99999996,68.09418763,69.35974612
2016/1/17,88.16834197,16.99999996,68.20083806,69.33670364
2016/1/18,88.28274241,15.99999996,67.97963683,69.31373417
2016/1/19,88.24574227,16.99999996,68.00757236,69.29083388
2016/1/20,88.10354172,15.99999996,67.98219615,69.26784178
2016/1/21,80.55441244,14.99999997,68.14592879,69.24505363
2016/1/22,84.49472772,15.99999996,67.82698834,69.22218282
2016/1/23,88.98114512,16.99999996,67.89375765,69.19920593
2016/1/24,89.89684867,15.99999996,67.8951086,69.17624451
2016/1/25,90.16454971,16.99999996,67.83890784,69.15330085
2016/1/26,90.22624995,16.99999996,67.80316279,69.13033985
2016/1/27,90.32405033,16.99999996,67.79243049,69.10736105
2016/1/28,90.35015043,16.99999996,67.7740598,69.08403822
2016/1/29,90.50945105,16.99999996,67.75934154,69.06075988
2016/1/30,90.55475123,16.99999996,67.73245834,69.03745601
2016/1/31,90.50595104,16.99999996,67.69551157,69.01415121
2016/2/1,90.58265133,15.99999996,67.67199095,68.99089879
2016/2/2,90.8570524,15.99999996,67.62739628,68.96767338
2016/2/3,91.25695395,15.99999996,67.53303544,68.94444498
2016/2/4,91.49855489,16.99999996,67.60142242,68.92122331
2016/2/5,91.93785659,15.99999996,67.56455194,68.89805667
2016/2/6,91.87705635,15.99999996,67.54737842,68.87490641
2016/2/7,91.70035567,15.99999996,67.50705853,68.85174881
2016/2/8,91.54975509,15.99999996,67.45902625,68.82860831
2016/2/9,78.50030447,7.999999982,67.62231393,68.80628766
2016/2/10,72.07997957,9.999999978,67.57423495,68.78440535
2016/2/11,71.90037887,9.999999978,67.48381898,68.76271658
2016/2/12,71.92847898,9.999999978,67.4540322,68.7410949
2016/2/13,72.34108058,9.999999978,67.43570863,68.71936759
2016/2/14,72.10477967,9.999999978,67.40473164,68.69772615
2016/2/15,71.85417869,9.999999978,67.3511343,68.67524897
2016/2/16,71.54277749,9.999999978,67.37827885,68.65270058
2016/2/17,72.00487928,12.99999997,67.2674454,68.63008883
2016/2/18,72.08607959,12.99999997,67.30658141,68.60752007
2016/2/19,71.98987922,12.99999997,67.31980757,68.58491859
2016/2/20,71.9074789,12.99999997,67.30203672,68.56239806
2016/2/21,71.44047709,9.999999978,67.24080259,68.53987908
2016/2/22,71.94137903,9.999999978,67.2620149,68.51735163
2016/2/23,71.83847863,9.999999978,67.2424939,68.49487934
2016/2/24,71.76257834,9.999999978,67.20382281,68.47234326
2016/2/25,71.69187806,9.999999978,67.19779371,68.44982945
2016/2/26,71.79377846,9.999999978,67.17429092,68.42729534
2016/2/27,71.7533783,9.999999978,67.2137695,68.40483109
2016/2/28,71.58267764,9.999999978,67.28508465,68.3823823
2016/2/29,71.46477718,9.999999978,67.11405985,68.3599377
2016/3/1,71.59147768,9.999999978,67.12484233,68.33750437
2016/3/2,71.54917751,9.999999978,67.08903855,68.31513383
2016/3/3,71.38767688,9.999999978,67.06456598,68.29433386
2016/3/4,71.20627618,9.999999978,67.04916947,68.27276585
2016/3/5,71.13137589,9.999999978,67.0213477,68.25041254
2016/3/6,71.07617568,9.999999978,66.99519703,68.22811298
2016/3/7,70.98497532,9.999999978,66.97674144,68.20583688
2016/3/8,70.97707529,9.999999978,66.95459464,68.18357859
2016/3/9,70.93187512,9.999999978,66.91855307,68.16125261
2016/3/10,70.70137422,9.999999978,66.89909473,68.1390076
2016/3/11,70.60287384,9.999999978,66.86931201,68.11672057
2016/3/12,70.56467369,9.999999978,66.84460988,68.09437272
2016/3/13,70.60917387,9.999999978,66.81612661,68.07202618
2016/3/14,70.50627347,9.999999978,66.79671987,68.049687
2016/3/15,70.91317504,9.999999978,66.76659757,68.02736594
2016/3/16,71.33257667,9.999999978,66.76997639,68.00501939
2016/3/17,71.30737657,9.999999978,66.800048,67.98267614
2016/3/18,71.22537626,9.999999978,66.71789758,67.96051794
2016/3/19,71.36957681,9.999999978,66.69795485,67.93826707
2016/3/20,71.34727673,9.999999978,66.67457554,67.91589001
2016/3/21,71.33307667,9.999999978,66.65188589,67.89351734
2016/3/22,71.33837669,9.999999978,66.62011736,67.87131988
2016/3/23,71.34557672,9.999999978,66.58851019,67.84900014
2016/3/24,71.29387652,9.999999978,66.56262077,67.82669654
2016/3/25,71.32077663,9.999999978,66.53269088,67.80441606
2016/3/26,71.29587653,9.999999978,66.53056749,67.78215803
2016/3/27,71.39607692,9.999999978,66.4961532,67.75990398
2016/3/28,71.32597665,9.999999978,66.47942724,67.73765006
2016/3/29,71.37277683,9.999999978,66.4511978,67.71539877
2016/3/30,71.37187682,9.999999978,66.41889551,67.69313961
2016/3/31,71.32637665,9.999999978,66.41500931,67.67090126
2016/4/1,71.42007701,9.999999978,66.3800477,67.64865734
2016/4/2,71.44547711,9.999999978,66.38222034,67.62643655
2016/4/3,71.39767692,9.999999978,66.33516272,67.60421168
2016/4/4,71.38367687,9.999999978,66.33396542,67.58254962
2016/4/5,71.35287675,9.999999978,66.29910274,67.56233445
2016/4/6,71.33357667,9.999999978,66.27596565,67.5421338
2016/4/7,71.25117636,9.999999978,66.23669097,67.52205394
2016/4/8,71.38617688,9.999999978,66.21600317,67.50213242
2016/4/9,71.53757747,9.999999978,66.19674839,67.48209019
2016/4/10,71.48807727,9.999999978,66.17101575,67.46203677
2016/4/11,71.49837731,9.999999978,66.16115562,67.44195298
2016/4/12,71.48767727,9.999999978,66.12800635,67.42201506
2016/4/13,71.53427745,9.999999978,66.14274908,67.40224524
2016/4/14,71.61937778,9.999999978,66.1070858,67.38269924
2016/4/15,71.35467676,9.999999978,66.07362472,67.36297857
2016/4/16,71.43287706,9.999999978,66.13405097,67.34326879
2016/4/17,70.13617203,9.999999978,66.0776112,67.32359521
2016/4/18,70.16647215,9.999999978,66.01563772,67.30393956
2016/4/19,70.14147205,9.999999978,66.02428521,67.28429961
2016/4/20,70.12497199,8.99999998,66.00138488,67.2646651
2016/4/21,70.07517179,9.999999978,66.00794516,67.24557548
2016/4/22,70.24507245,8.99999998,65.90396675,67.22590121
2016/4/23,70.46047329,8.99999998,65.91143726,67.20600964
2016/4/24,70.60497385,8.99999998,65.91294075,67.186119
2016/4/25,70.0001715,9.999999978,65.8402806,67.16622154
2016/4/26,70.61117387,8.99999998,65.8812092,67.14629811
2016/4/27,70.64747401,8.99999998,65.87354059,67.12638423
2016/4/28,70.59957383,8.99999998,65.84796477,67.10645711
2016/4/29,70.55657366,8.99999998,65.83355938,67.08654322
2016/4/30,70.56277369,7.999999982,65.8018244,67.06663636
2016/5/1,70.55907367,7.999999982,65.79075606,67.04683062
2016/5/2,70.61167387,7.999999982,65.77371806,67.02758956
2016/5/3,71.37837685,7.999999982,65.69950516,67.00870289
2016/5/4,72.17727995,7.999999982,65.72559119,66.98980528
2016/5/5,72.76118221,7.999999982,65.70136879,66.9708929
2016/5/6,71.87797879,7.999999982,65.69962579,66.95196938
2016/5/7,69.95087131,7.999999982,65.50257613,66.93256676
2016/5/8,0,0,66.03791261,66.91460168
2016/5/9,0,0,65.94995559,66.8963848
2016/5/10,0,0,65.87298207,66.87796621
2016/5/11,0,0,65.93896001,66.85951796
2016/5/12,0,0,65.87298207,66.8410772
2016/5/13,0,0,65.75200264,66.82270162
2016/5/14,0,0,65.68600297,66.80432208
2016/5/15,0,0,65.63099737,66.7860154
2016/5/16,0,0,65.6199956,66.76774881
2016/5/17,0,0,65.59799144,66.74950038
2016/5/18,46.45688019,2.999999993,65.20017441,66.73032972
2016/5/19,60.55243486,5.999999987,65.38740607,66.71101582
2016/5/20,70.14897208,6.999999984,65.3686762,66.6913964
2016/5/21,78.16460317,6.999999984,65.34632615,66.67159676
2016/5/22,78.08570286,6.999999984,65.25328568,66.65180715
2016/5/23,79.77670942,6.999999984,65.05114806,66.63193661
2016/5/24,74.34448835,6.999999984,65.31588126,66.6122891
2016/5/25,70.22667238,6.999999984,65.33222266,66.59274777
2016/5/26,69.85867095,6.999999984,65.19340983,66.57313846
2016/5/27,69.70997038,6.999999984,65.15931473,66.5531998
2016/5/28,69.66847022,6.999999984,65.14504552,66.53314729
2016/5/29,69.67307023,6.999999984,65.13466637,66.51313281
2016/5/30,69.65547017,6.999999984,65.11164622,66.49316785
2016/5/31,69.72557044,6.999999984,65.08526222,66.47303888
2016/6/1,70.129372,6.999999984,65.0441181,66.45303396
2016/6/2,70.17837219,6.999999984,65.02675533,66.4328223
2016/6/3,70.13617203,6.999999984,65.01240117,66.41261915
2016/6/4,70.0496717,6.999999984,64.98351809,66.39242652
2016/6/5,69.96717138,6.999999984,65.00881326,66.37254325
2016/6/6,69.93327124,6.999999984,64.93056828,66.35268261
2016/6/7,69.88557106,6.999999984,64.90498608,66.33282242
2016/6/8,69.82617083,6.999999984,64.88918138,66.31305697
2016/6/9,69.65837018,6.999999984,64.87497529,66.29320678
2016/6/10,69.6640702,6.999999984,64.83237616,66.27334987
2016/6/11,69.67127023,6.999999984,64.82221484,66.25438736
2016/6/12,69.56996983,6.999999984,64.80287702,66.23553986
2016/6/13,69.4832695,6.999999984,64.77400915,66.21669449
2016/6/14,69.33936894,6.999999984,64.76187102,66.1987328
2016/6/15,69.24536858,6.999999984,64.73240562,66.18153831
2016/6/16,69.26866867,6.999999984,64.71281814,66.16434052
2016/6/17,69.26936867,6.999999984,64.69132748,66.14712277
2016/6/18,69.19816839,6.999999984,64.68533251,66.1299431
2016/6/19,69.18676835,6.999999984,64.67359752,66.11402189
2016/6/20,69.23036852,6.999999984,64.64494114,66.09810398
2016/6/21,69.10376803,6.999999984,64.62351015,66.08221885
2016/6/22,69.04076778,6.999999984,64.60743715,66.0663419
2016/6/23,68.85166705,6.999999984,64.58078853,66.05046855
2016/6/24,68.7112665,6.999999984,64.5690312,66.03363549
2016/6/25,68.82986696,6.999999984,64.54662288,66.01674809
2016/6/26,68.82786696,6.999999984,64.53567546,65.99991205
2016/6/27,68.7616667,6.999999984,64.53012856,65.98126762
2016/6/28,68.73286659,6.999999984,64.51693629,65.96200907
2016/6/29,68.61106612,6.999999984,64.50674671,65.94253415
2016/6/30,68.59416605,6.999999984,64.49455228,65.9228838
2016/7/1,68.57026596,6.999999984,64.46020795,65.90320527
2016/7/2,68.61956615,6.999999984,64.46432961,65.88287068
2016/7/3,68.59916607,6.999999984,64.44105892,65.86224968
2016/7/4,68.62316616,6.999999984,64.42150133,65.84184517
2016/7/5,68.64046623,6.999999984,64.39060117,65.82209365
2016/7/6,68.75876669,6.999999984,64.35738443,65.80338
2016/7/7,68.74186662,6.999999984,64.33440199,65.78410991
2016/7/8,68.74156662,6.999999984,64.31281135,65.76461952
2016/7/9,68.74466663,6.999999984,64.29150556,65.74508628
2016/7/10,68.75036666,6.999999984,64.28120084,65.72556679
2016/7/11,68.69526644,6.999999984,64.26579433,65.70604868
2016/7/12,68.6593663,6.999999984,64.24121566,65.6865401
2016/7/13,68.59116604,6.999999984,64.21392977,65.66704118
2016/7/14,67.48526175,6.999999984,67.34415701,65.64819107
2016/7/15,69.46356942,6.999999984,64.1365655,65.62869833
2016/7/16,69.41996925,6.999999984,64.14364423,65.60920095
2016/7/17,69.36096902,6.999999984,64.12786009,65.58971095
2016/7/18,69.36156903,6.999999984,64.12791097,65.57021656
2016/7/19,68.9676675,6.999999984,64.11616753,65.55073786
2016/7/20,68.4268654,6.999999984,64.08152085,65.53129476
2016/7/21,68.34636509,6.999999984,64.06399866,65.51186965
2016/7/22,68.27816482,6.999999984,64.0475099,65.49266047
2016/7/23,68.19866452,6.999999984,64.00850193,65.47609379
2016/7/24,68.19696451,6.999999984,63.99756976,65.46013165
2016/7/25,68.17546443,6.999999984,63.99577516,65.44414152
2016/7/26,68.26986479,6.999999984,63.97128906,65.42813613
2016/7/27,68.58866603,6.999999984,63.94405794,65.4101566
2016/7/28,68.67006634,6.999999984,63.91853698,65.39086598
2016/7/29,68.78436679,6.999999984,63.91737242,65.37097262
2016/7/30,68.69206643,6.999999984,63.8988128,65.35118499
2016/7/31,68.63946623,6.999999984,63.87281117,65.33164483
2016/8/1,68.67076635,6.999999984,63.86465647,65.31212115
2016/8/2,68.06356399,6.999999984,63.82455872,65.29260908
2016/8/3,68.71726653,6.999999984,63.97644314,65.2731026
2016/8/4,68.39126526,6.999999984,63.79801523,65.25466065
2016/8/5,68.55966592,6.999999984,63.79057654,65.2356417
2016/8/6,68.55716591,6.999999984,63.79036633,65.21617912
2016/8/7,68.56046592,6.999999984,63.76906398,65.19671896
2016/8/8,68.44746548,6.999999984,63.74877668,65.17928467
2016/8/9,68.39446528,6.999999984,63.75511879,65.16231465
2016/8/10,68.82116693,6.999999984,63.69393356,65.14412036
2016/8/11,68.87586714,6.999999984,63.68776782,65.12475151
2016/8/12,68.80826688,6.999999984,63.66047652,65.10532209
2016/8/13,68.79886684,6.999999984,63.64889293,65.08578277
2016/8/14,68.75196666,6.999999984,63.62335172,65.06624529
2016/8/15,68.59596606,6.999999984,63.61019142,65.04671703
2016/8/16,68.41716536,6.999999984,63.58434901,65.0274088
2016/8/17,68.37316519,6.999999984,63.5698573,65.00811797
2016/8/18,68.26166476,10.29999998,63.54970022,64.98883013
2016/8/19,68.8655671,11.03999998,63.49268409,64.9695514
2016/8/20,69.09106798,6.999999984,63.50102285,64.95029484
2016/8/21,68.99086759,7.199999984,63.47093596,64.93104659
2016/8/22,69.03766777,9.839999978,63.46411926,64.91182282
2016/8/23,68.95396745,5.999999987,63.43543413,64.89261167
2016/8/24,68.97856754,6.999999984,63.41594077,64.87341886
2016/8/25,68.96646749,6.999999984,63.40412291,64.85434433
2016/8/26,68.93526737,8.399999981,63.37989263,64.83512738
2016/8/27,68.9424674,8.159999982,63.34812948,64.8169737
2016/8/28,68.93396737,7.919999982,63.32582431,64.799301
2016/8/29,68.83346698,7.919999982,63.3065038,64.78078726
2016/8/30,68.74166662,6.999999984,63.2771361,64.7619815
2016/8/31,68.71906653,7.439999984,63.2536334,64.74306097
2016/9/1,66.14935657,5.999999987,63.28851644,64.7249639
2016/9/2,0,0,63.81276444,64.71148475
2016/9/3,0,0,63.75757252,64.698256
2016/9/4,0,0,63.69133478,64.68465297
2016/9/5,0,0,63.62508889,64.67103321
2016/9/6,0,0,63.4373478,64.65742248
2016/9/7,60.16233335,5.999999987,62.98402677,64.64217419
2016/9/8,67.9748,6.1,63.6768242,64.62652569
2016/9/9,67.7006,6.1,63.65398172,64.61082841
2016/9/10,67.3658,6.1,63.29133129,64.59511727
2016/9/11,66.9916,6.2,63.26034386,64.57945814
2016/9/12,66.8185,6.2,63.14877831,64.56376572
2016/9/13,66.8266,6.2,63.10620527,64.54804278
2016/9/14,69.1833,7.3,63.07725262,64.53136447
2016/9/15,69.1135,7.3,63.07129336,64.51360787
2016/9/16,69.0755,7.3,63.05725786,64.49599187
2016/9/17,69.0204,7.32,63.06335357,64.47985165
2016/9/18,69.0156,7.3,63.04135619,64.46404161
2016/9/19,69.0609,7.3,63.01283667,64.44608625
2016/9/20,68.9355,7.2,63.00214668,64.42771691
2016/9/21,68.8087,7.2,62.96976269,64.40992769
2016/9/22,68.7662,7.1,62.96614927,64.39212292
2016/9/23,68.5694,7.1,62.94944419,64.37435966
2016/9/24,7.276,0.75,59.97394187,64.37203391
2016/9/25,0,0,63.36002351,64.37203391
2016/9/26,0,,63.27163918,64.37203391
2016/9/27,0,,63.31583318,64.37203391
2016/9/28,0,,63.19429084,64.37203391
2016/9/29,0,0,63.16113811,64.37203391
2016/9/30,0,,63.17218924,64.37203391
2016/10/1,0,,63.15008673,64.37203391
2016/10/2,0,,63.12798329,64.37203391
2016/10/3,0,,63.10587894,64.37203391
2016/10/4,0,,63.09482642,64.37203391
2016/10/5,0,,63.10587894,64.37203391
2016/10/6,0,,63.05061401,64.36931176
2016/10/7,0,,63.07272068,64.36426638
2016/10/8,0,,63.03956034,64.35686222
2016/10/9,50.9103,7.2,61.29566785,64.3465647
2016/10/10,68.3407,7.5,62.60601161,64.33281516
2016/10/11,68.3599,7.5,62.64005124,64.31853539
2016/10/12,68.4526,7.5,62.68032233,64.30284
2016/10/13,68.4571,7.5,62.69150664,64.28657472
2016/10/14,68.355,7.5,62.68285019,64.27033566
2016/10/15,68.0042,7.5,62.45866485,64.25284781
2016/10/16,67.8066,7.5,62.55009189,64.23520938
2016/10/17,67.6795,7.5,62.51778373,64.21744707
2016/10/18,67.9102,7.5,62.49396569,64.19849564
2016/10/19,67.7758,7.5,62.55830965,64.17951677
2016/10/20,67.7409,7.5,62.53375529,64.16058803
2016/10/21,67.6306,7.5,62.52448689,64.14166051
2016/10/22,67.5585,7.5,62.50762453,64.12275856
2016/10/23,67.53,7.5,62.48361028,64.1040488
2016/10/24,67.4513,7.5,62.44457418,64.08623035
2016/10/25,67.5069,7.5,62.43842312,64.06899868
2016/10/26,67.3821,7.5,62.41714966,64.05097901
2016/10/27,69.6367,7.5,62.295845,64.03217365
2016/10/28,69.9141,7.5,62.33071327,64.01248331
2016/10/29,69.7047,7.5,62.29094152,63.9924443
2016/10/30,69.672,7.5,62.27730976,63.9724035
2016/10/31,69.5697,7.5,62.2792461,63.95233698
2016/11/1,69.5003,7.5,62.2300473,63.93228512
2016/11/2,69.449,7.5,62.23641014,63.91225402
2016/11/3,69.3712,7.5,62.22968845,63.89224233
2016/11/4,69.2744,7.5,62.19973309,63.87228629
2016/11/5,66.5792,7,61.9389963,63.85232523
2016/11/6,69.3467,7.5,62.17357078,63.83234311
2016/11/7,69.5637,7.5,62.14914421,63.81231828
2016/11/8,69.6412,7.5,62.1342664,63.7922502
2016/11/9,69.5493,7.5,62.11549786,63.7721646
2016/11/10,69.5899,7.5,62.11901756,63.75122172
2016/11/11,69.564,7.5,62.10597239,63.73017767
2016/11/12,69.5635,7.5,62.09512931,63.70912876
2016/11/13,69.5465,7.5,62.09365552,63.68809384
2016/11/14,69.1646,7.5,62.09304555,63.66749003
2016/11/15,68.96,7.5,62.06462568,63.64713073
2016/11/16,69.8716,7.5,62.02472055,63.6267686
2016/11/17,69.9563,7.5,62.01051123,63.60665246
2016/11/18,70.0395,7.5,61.98538497,63.58643422
2016/11/19,69.9357,7.5,61.95472455,63.56622232
2016/11/20,69.883,7.5,61.93932762,63.54602713
2016/11/21,69.9255,7.5,61.91064044,63.52583909
2016/11/22,69.8296,7.5,61.88067346,63.50566071
2016/11/23,69.7068,7.5,61.83756869,63.4854493
2016/11/24,69.6243,7.5,61.80878243,63.46487569
2016/11/25,69.5746,7.5,61.79365596,63.44408446
2016/11/26,69.5612,7.5,61.7924906,63.42327264
2016/11/27,69.5235,7.5,61.77840963,63.40244955
2016/11/28,69.5545,7.5,61.77030165,63.38161858
2016/11/29,69.2594,7.5,61.73388112,63.3607356
2016/11/30,69.0924,7.5,61.69781339,63.3405791
2016/12/1,68.9659,7.5,61.66526698,63.32047417
2016/12/2,68.8314,7.5,61.64285521,63.30037351
2016/12/3,68.9079,7.5,61.59540038,63.28028192
2016/12/4,68.8945,7.5,61.58343304,63.26018882
2016/12/5,68.8182,7.5,61.55522742,63.24009516
2016/12/6,68.7254,7.5,61.53641638,63.21999345
2016/12/7,68.6623,7.5,61.52016961,63.19984516
2016/12/8,68.0338,7.5,61.43384059,63.17970943
2016/12/9,68.5562,7.5,61.46778446,63.15958619
2016/12/10,68.4239,7.5,61.45641775,63.13915308
2016/12/11,68.3489,7.5,61.42834926,63.11852172
2016/12/12,68.2764,7.5,61.21657595,63.09789675
2016/12/13,68.2637,7.5,61.55085145,63.0773057
2016/12/14,68.2343,7.5,60.86664977,63.05672455
2016/12/15,67.817,7.5,60.9282646,63.0361687
2016/12/16,67.4456,7.5,61.16730113,63.01563616
2016/12/17,67.3662,7.5,61.27966904,62.99512125
2016/12/18,67.3304,7.5,59.92228394,62.97462695
2016/12/19,67.2716,7.5,59.45087517,62.95414037
2016/12/20,67.2021,7.5,60.81088964,62.93369151
2016/12/21,67.1234,7.5,61.23748603,62.91326366
2016/12/22,67.0866,7.5,61.21272097,62.89280571
2016/12/23,66.9978,7.5,61.19440148,62.8723601
2016/12/24,67.0084,7.5,61.17363322,62.85195812
2016/12/25,66.9905,7.5,61.15046146,62.83158466
2016/12/26,66.9995,7.5,61.12955742,62.81119512
2016/12/27,66.9743,7.5,61.10576837,62.79080899
2016/12/28,66.9401,7.5,61.10288479,62.77042691
2016/12/29,66.8691,7.5,60.9777318,62.75001438
2016/12/30,66.8219,7.5,61.06042832,62.72950587
2016/12/31,66.8071,7.5,61.04834848,62.70902542
2017/1/1,66.7753,7.5,61.02400322,62.68855197
2017/1/2,66.7659,7.5,60.93653027,62.66808396
2017/1/3,66.8535,7.5,60.4236928,62.64763034
2017/1/4,66.8185,7.5,60.84343955,62.62722421
2017/1/5,66.8242,7.5,60.95227741,62.60726769
2017/1/6,66.8357,7.5,60.90990583,62.58740744
2017/1/7,66.7964,7.5,60.90659259,62.56756029
2017/1/8,66.7722,7.5,60.83953471,62.5476969
2017/1/9,66.7302,7.5,59.64314851,62.52784363
2017/1/10,66.6824,7.5,58.87916614,62.50799723
2017/1/11,66.7493,7.5,59.4820029,62.48833125
2017/1/12,66.7947,7.5,60.79808462,62.4683956
2017/1/13,66.8196,7.5,60.80018591,62.44853935
2017/1/14,66.826,7.5,60.77905228,62.42867086
2017/1/15,66.7599,7.5,60.76263631,62.40883956
2017/1/16,66.5258,7.5,60.73207957,62.3890638
2017/1/17,66.4141,7.5,60.66848631,62.36931907
2017/1/18,66.8438,7.5,60.72636935,62.34959239
2017/1/19,66.365,7.5,59.80743322,62.32984734
2017/1/20,66.3173,7.5,59.922766,62.31012908
2017/1/21,66.344,10.98,60.23964978,62.29042314
2017/1/22,66.5205,10.98,59.85316998,62.27071292
2017/1/23,66.4567,10.98,60.52027471,62.25109629
2017/1/24,66.3962,10.98,60.6127715,62.23139237
2017/1/25,66.4126,10.98,60.59246476,62.21171851
2017/1/26,66.4226,10.98,60.59330555,62.19206673
2017/1/27,66.357,10.98,60.56610552,62.17243352
2017/1/28,66.3817,10.98,60.54649467,62.15280669
2017/1/29,66.5042,10.98,60.5242751,62.13402377
2017/1/30,66.4718,10.98,60.51070308,62.11538994
2017/1/31,66.4342,10.98,60.47500636,62.0967455
2017/2/1,66.4403,10.98,60.47552001,62.0773748
2017/2/2,66.3365,10.98,60.44509572,62.05778498
2017/2/3,66.3303,10.98,60.4228839,62.03819843
2017/2/4,66.3102,10.98,60.39950211,62.01859741
2017/2/5,66.4027,10.98,60.39644252,61.99899703
2017/2/6,66.3395,10.98,60.38027584,61.97942113
2017/2/7,66.3897,10.98,60.35196604,61.95985212
2017/2/8,66.3471,10.98,60.32668559,61.94028382
2017/2/9,66.3465,10.98,60.31578868,61.9207249
2017/2/10,66.3203,10.98,60.28104165,61.90115958
2017/2/11,66.2671,10.98,60.27656244,61.88159855
2017/2/12,66.0986,10.98,60.2623976,61.86205651
2017/2/13,66.012,10.98,60.24428067,61.8425305
2017/2/14,65.9384,10.98,60.23811095,61.82302665
2017/2/15,65.8718,10.98,60.21083045,61.80353603
2017/2/16,65.8224,11,60.20669593,61.78404427
2017/2/17,65.7245,11,60.18765762,61.76453847
2017/2/18,65.74,11,60.16724658,61.74503525
2017/2/19,65.7334,11,60.14498789,61.72554836
2017/2/20,65.6781,11,60.12951202,61.70607636
2017/2/21,65.7479,11,60.10278533,61.68662394
2017/2/22,65.6506,10.98,60.06208529,61.66718641
2017/2/23,65.7096,10.98,60.05616345,61.64776283
2017/2/24,65.6408,10.98,60.02869953,61.62836128
2017/2/25,65.5453,10.98,60.0098652,61.60894836
2017/2/26,67.6771,11.5,59.76782562,61.58950316
2017/2/27,69.9222,11.5,59.93231513,61.57002446
2017/2/28,69.9147,11.5,59.93164707,61.55051005
2017/3/1,69.9684,11.5,59.88233708,61.53101908
2017/3/2,69.5779,11.5,59.85842374,61.51146425
2017/3/3,69.6744,11.5,59.84534567,61.49191912
2017/3/4,69.6295,11.5,59.84135761,61.47239326
2017/3/5,69.5866,11.5,59.82672616,61.45288188
2017/3/6,69.72820282,11.5,59.81766295,61.43338057
2017/3/7,69.6934967,11.5,59.79293122,61.41390046
2017/3/8,69.61669922,11.5,59.77528002,61.39442757
2017/3/9,69.59140015,11.5,59.75138858,61.37496591
2017/3/10,0,0,56.55837505,61.37299128
2017/3/11,69.56639862,11.5,59.71669184,61.35353412
2017/3/12,69.56620026,11.5,59.70585134,61.33407912
2017/3/13,69.44400024,11.5,59.67335109,61.31463741
2017/3/14,69.34149933,11.5,59.64260854,61.29521429
2017/3/15,69.39209747,11.5,59.61461371,61.27580188
2017/3/16,69.41639709,11.5,59.59511469,61.25641592
2017/3/17,69.54499817,11.5,59.60653843,61.23695164
2017/3/18,70.12190247,11.5,59.54981694,61.21741967
2017/3/19,70.46869659,11.5,59.58099259,61.19787494
2017/3/20,70.38529968,11.5,59.5518489,61.17834677
2017/3/21,70.3513031,11.5,59.54878908,61.15881739
2017/3/22,70.24369812,11.5,59.50664939,61.13926603
2017/3/23,70.25039673,11.5,59.49643285,61.11974894
2017/3/24,70.2173996,11.5,59.4826436,61.10023587
2017/3/25,70.22660065,11.5,59.4510087,61.080737
2017/3/26,70.1957016,11.5,59.43741107,61.06125446
2017/3/27,70.12550354,11.5,59.42027895,61.04178605
2017/3/28,70.14019775,11.5,59.41077831,61.02228986
2017/3/29,70.09880066,11.5,59.40705992,61.00280278
2017/3/30,70.0802002,11.5,59.37291728,60.9833125
2017/3/31,70.07800293,11.5,59.35107235,60.96376522
2017/4/1,70.12519836,11.5,59.3444916,60.94376862
2017/4/2,70.07990265,11.5,59.32959913,60.92376154
2017/4/3,70.03530121,11.5,59.30394359,60.90369944
2017/4/4,69.9910965,11.5,59.27832371,60.88364238
2017/4/5,70.03420258,11.5,59.26054479,60.86359769
2017/4/6,69.98750305,11.5,59.22387421,60.8435649
2017/4/7,69.93830109,11.5,59.2302802,60.82356743
2017/4/8,69.99810028,11.5,59.21399818,60.80359006
2017/4/9,69.98220062,11.5,59.19091698,60.78362416
2017/4/10,69.98110199,11.5,59.16916512,60.76365496
2017/4/11,69.98870087,11.5,59.14819881,60.74426541
2017/4/12,69.93499756,11.5,59.12171725,60.72458445
2017/4/13,69.92289734,11.5,59.09897428,60.70464775
2017/4/14,69.97499847,11.5,59.09282869,60.68472896
2017/4/15,70.07039642,11.5,59.10141439,60.66481486
2017/4/16,70.06269836,11.5,59.08989658,60.6448909
2017/4/17,70.03869629,11.5,59.0444266,60.62497386
2017/4/18,70.11160278,11.5,59.04017182,60.60508211
2017/4/19,70.11920166,11.5,59.04085702,60.58522213
2017/4/20,69.9265976,11.5,59.01267994,60.56535735
2017/4/21,69.75849915,11.5,58.95425592,60.54623853
2017/4/22,69.69100189,11.5,58.93736354,60.52733841
2017/4/23,69.6026001,11.5,58.71276249,60.50846614
2017/4/24,69.55460358,11.5,58.91430432,60.48959481
2017/4/25,69.50289917,11.5,58.87717002,60.4707214
2017/4/26,69.47190094,11.5,58.8635622,60.45186985
2017/4/27,69.375,11.5,58.81154933,60.43307671
2017/4/28,69.44470215,11.5,58.81778696,60.41423713
2017/4/29,69.4701004,11.5,58.78755738,60.3954141
2017/4/30,69.3035965,11.5,58.78349143,60.37660559
2017/5/1,69.39,11.5,58.79121997,60.35921214
2017/5/2,69.54,11.5,58.78298741,60.34346293
2017/5/3,68.87,11.5,58.66895518,60.32844981
2017/5/4,69.43,11.5,58.68643923,60.31338632
2017/5/5,69.73,11.5,58.71338485,60.29830615
2017/5/6,69.67,11.5,58.6754842,60.28322066
2017/5/7,69.77,11.5,58.68448593,60.26813564
2017/5/8,69.88,11.5,58.67273686,60.25056106
2017/5/9,69.92,11.5,58.67634698,60.23100138
2017/5/10,69.92,11.5,58.66551487,60.21129916
2017/5/11,70.02,11.5,58.64205577,60.19166331
2017/5/12,69.93,11.5,58.64475347,60.17200651
2017/5/13,69.78,11.5,58.63121878,60.15238962
2017/5/14,69.6,11.5,58.61501256,60.13279414
2017/5/15,69.37,11.5,58.56184571,60.11321813
2017/5/16,69.39,11.5,58.53112411,60.09365963
2017/5/17,69.45,11.5,58.51483435,60.0741027
2017/5/18,69.48,11.5,58.52836777,60.05456522
2017/5/19,69.34,11.5,58.50495995,60.03504776
2017/5/20,69.33,11.5,58.49322339,60.01555477
2017/5/21,69.46,11.5,58.45070174,59.99607615
2017/5/22,69.65,11.5,58.44613213,59.97660199
2017/5/23,69.68,11.5,58.43800061,59.95712472
2017/5/24,69.81,11.5,58.43890167,59.93765231
2017/5/25,69.77,11.5,58.41361568,59.91819464
2017/5/26,69.7,11.5,58.40729458,59.89879572
2017/5/27,69.6,11.5,58.39827461,59.87934812
2017/5/28,69.35,11.5,58.38661757,59.8599199
2017/5/29,69.27,11.5,58.35775189,59.84049922
2017/5/30,69.21,11.5,58.33068388,59.82106342
2017/5/31,69.2,11.5,58.30810141,59.801659
2017/6/1,69.16,11.5,58.29367044,59.78252925
2017/6/2,69.12,11.5,58.26839645,59.76337498
2017/6/3,69.07,11.5,58.24222601,59.74423049
2017/6/4,69.02,11.5,58.22690148,59.72510002
2017/6/5,68.9,11.5,58.19446879,59.7059799
2017/6/6,69.01,11.5,58.20431457,59.68686606
2017/6/7,68.96,11.5,58.18899105,59.66761742
2017/6/8,68.76,11.5,58.18195878,59.64831088
2017/6/9,68.65,11.5,58.16129628,59.62879673
2017/6/10,68.43,11.5,58.07659723,59.60932574
2017/6/11,69.05,11.5,58.11028562,59.58979019
2017/6/12,69.02,11.5,58.10759464,59.57029625
2017/6/13,69.02,11.5,58.07505401,59.55082032
2017/6/14,68.95,11.5,58.05792915,59.53138171
2017/6/15,68.85,11.5,58.00557429,59.51197809
2017/6/16,68.84,11.5,57.98297942,59.49252385
2017/6/17,68.93,11.5,57.99104583,59.47305321
2017/6/18,68.84,11.5,57.98297942,59.45361176
2017/6/19,68.79,11.5,57.94595086,59.43415662
2017/6/20,68.59,11.5,57.92806589,59.41472062
2017/6/21,68.52,11.5,57.9109639,59.39529004
2017/6/22,68.43,11.5,57.83780814,59.37585021
2017/6/23,68.3,11.5,57.80451028,59.35646077
2017/6/24,68.3,11.5,57.82622394,59.33710258
2017/6/25,68.35,11.5,57.79810794,59.31772548
2017/6/26,68.51,11.5,57.79067328,59.29834318
2017/6/27,68.41,11.5,57.77088937,59.27896686
2017/6/28,68.32,11.5,57.76286373,59.25960886
2017/6/29,68.21,11.5,57.74220942,59.24037036
2017/6/30,68.15,11.5,57.70429378,59.22104568
2017/7/1,24.85,4.3,55.02273361,59.2032489
2017/7/2,0,,54.62676794,59.18638092
2017/7/3,0,,54.66616284,59.1695096
2017/7/4,0,,54.70555398,59.15266172
2017/7/5,0,,54.74494135,59.13577988
2017/7/6,0,,54.78432496,59.11893765
2017/7/7,0,,54.82370482,59.10207822
2017/7/8,0,,54.86308093,59.0852039
2017/7/9,0,,54.90245329,59.06839977
2017/7/10,0,,54.94182192,59.05156286
2017/7/11,0,,54.9811868,59.03474915
2017/7/12,0,,55.02054796,59.01795461
2017/7/13,50.08,8.5,56.76003645,59.00092864
2017/7/14,68.32,11.5,58.08852746,58.98386997
2017/7/15,68.07,11.5,57.99036787,58.96748997
2017/7/16,67.12,11.5,57.46110797,58.95153383
2017/7/17,66.61,11.5,57.42733233,58.935586
2017/7/18,66.54,11.5,57.45386314,58.91966648
2017/7/19,65.5,11.5,57.47279835,58.90379523
2017/7/20,65.04,11.5,57.43348102,58.88793593
2017/7/21,64.96,11.5,57.38309527,58.87111738
2017/7/22,64.95,11.5,57.38224396,58.85416259
2017/7/23,64.85,11.5,57.36284248,58.83726021
2017/7/24,64.84,11.5,57.32930621,58.82044861
2017/7/25,64.86,11.5,57.33100712,58.80363176
2017/7/26,64.7,11.5,57.29561913,58.78680544
2017/7/27,64.66,11.5,57.28132696,58.76863229
2017/7/28,64.53,11.5,57.27030737,58.74997217
2017/7/29,64.45,11.5,57.24173594,58.73131548
2017/7/30,64.42,11.5,57.23919818,58.71266854
2017/7/31,64.37,11.5,57.20226694,58.69370247
2017/8/1,64.36,11.5,57.17961796,58.67466438
2017/8/2,64.28,11.5,57.16195483,58.65563408
2017/8/3,64.21,11.5,57.14514154,58.63660542
2017/8/4,64.16,11.5,57.1191147,58.61755176
2017/8/5,64.12,11.5,57.10483663,58.59850359
2017/8/6,63.62,11.5,57.05192311,58.57950265
2017/8/7,64.04,11.5,57.08718958,58.5605271
2017/8/8,63.97,11.5,57.04857582,58.54157654
2017/8/9,64.08,11.5,57.03602952,58.5226186
2017/8/10,64.24,11.5,57.04953724,58.50367319
2017/8/11,64.12,11.5,57.03940352,58.48475581
2017/8/12,64.11,11.5,56.99493464,58.46584789
2017/8/13,64.14,11.5,56.98656098,58.44695994
2017/8/14,64.07,11.5,56.9697452,58.42807722
2017/8/15,63.99,11.5,56.97390706,58.40920298
2017/8/16,63.92,11.5,56.93528462,58.39037337
2017/8/17,63.93,11.5,56.90339921,58.3715876
2017/8/18,63.99,11.5,56.88663901,58.35278351
2017/8/19,63.93,11.5,56.88158011,58.33398233
2017/8/20,63.85,11.5,56.86393119,58.31519629
2017/8/21,63.77,11.5,56.83537657,58.29642424
2017/8/22,63.71,11.5,56.81941948,58.27764496
2017/8/23,63.66,11.5,56.81521848,58.25887738
2017/8/24,63.56,11.5,56.78499716,58.24011213
2017/8/25,63.43,11.5,56.75227032,58.22139426
2017/8/26,63.45,11.5,56.72119745,58.20266878
2017/8/27,63.46,11.5,56.72203557,58.18396298
2017/8/28,63.43,11.5,56.6976884,58.16526789
2017/8/29,63.43,11.5,56.66493758,58.14661937
2017/8/30,63.44,11.5,56.65485885,58.12798592
2017/8/31,63.49,11.5,56.62630257,58.10980869
2017/9/1,63.5,11.5,56.60530791,58.09116466
2017/9/2,63.47,11.5,56.59187135,58.07251626
2017/9/3,63.48,11.5,56.5817933,58.05388406
2017/9/4,63.45,11.5,56.56835635,58.03528332
2017/9/5,63.43,11.5,56.54484045,58.01669514
2017/9/6,63.37,11.5,56.52888632,57.99811837
2017/9/7,2.06,0.35,55.49084521,57.9974089
2017/9/8,0,,57.16861158,57.9974089
2017/9/9,0,,57.0790884,57.9974089
2017/9/10,0,,57.03432003,57.9974089
2017/9/11,0,,57.00074077,57.9974089
2017/9/12,0,,57.02312722,57.9974089
2017/9/13,0,,56.95596446,57.9974089
2017/9/14,0,,56.94476967,57.9974089
2017/9/15,0,,56.89998768,57.9974089
2017/9/16,0,,56.89998768,57.9974089
2017/9/17,0,,56.89998768,57.9974089
2017/9/18,0,,56.86639819,57.9974089
2017/9/19,0,,56.84400378,57.9974089
2017/9/20,0,,56.84400378,57.9845569
2017/9/21,33.5181,9,54.04946904,57.96957222
2017/9/22,71.7128,7,56.93550019,57.95519146
2017/9/23,70.8003,7,56.49207268,57.93834426
2017/9/24,69.9464,7,56.35825762,57.92103133
2017/9/25,69.7478,7,56.36158659,57.90356581
2017/9/26,69.663,11.5,56.37546842,57.88606669
2017/9/27,69.5577,11.5,56.36575577,57.86861237
2017/9/28,69.6324,11.5,56.36178656,57.8511655
2017/9/29,69.6159,11.5,56.34940588,57.83420854
2017/9/30,69.4505,11.5,56.31244065,57.81685459
2017/10/1,69.523,11.5,56.2974009,57.79951762
2017/10/2,69.4076,11.5,56.28676895,57.7822103
2017/10/3,69.313,11.5,56.26720306,57.76492287
2017/10/4,69.2361,11.5,56.22754474,57.74764303
2017/10/5,69.2719,11.5,56.20910889,57.73087475
2017/10/6,69.2641,11.5,56.19752803,57.7136616
2017/10/7,69.1955,11.5,56.16949283,57.69643951
2017/10/8,69.0592,11.5,56.15697713,57.67921799
2017/10/9,68.9979,11.5,56.14048867,57.66200071
2017/10/10,68.9532,11.5,56.11465652,57.64468838
2017/10/11,69.0238,11.5,56.08852847,57.62734182
2017/10/12,69.77,11.5,56.05961445,57.60998051
2017/10/13,69.7923,11.5,56.05082458,57.59264835
2017/10/14,69.725,11.5,56.03372019,57.57532941
2017/10/15,69.8334,11.5,56.02206368,57.55801962
2017/10/16,69.8595,11.5,56.00277114,57.54072839
2017/10/17,69.8621,11.5,55.98129463,57.52344323
2017/10/18,69.8359,11.5,55.95713942,57.50604561
2017/10/19,69.7095,11.5,55.94539613,57.48863275
2017/10/20,69.7077,11.5,55.93436774,57.47123874
2017/10/21,68.6596,11.5,55.93559378,57.45388867
2017/10/22,68.8668,11.5,55.88934503,57.43653776
2017/10/23,68.8511,11.5,55.86616175,57.41917229
2017/10/24,68.9888,11.5,55.85707176,57.40181664
2017/10/25,68.917,11.5,55.83960043,57.38446746
2017/10/26,68.8734,11.5,55.83559492,57.36712988
2017/10/27,68.8279,11.5,55.83141733,57.34982558
2017/10/28,69.0613,11.5,55.7985263,57.33260318
2017/10/29,69.123,11.5,55.78247488,57.31530839
2017/10/30,69.106,11.5,55.77003763,57.29804759
2017/10/31,69.0856,11.5,55.7572867,57.28080777
2017/11/1,69.0696,11.5,55.7340711,57.26357399
2017/11/2,69.0603,11.5,55.7223431,57.24630889
2017/11/3,68.9862,11.5,55.70464198,57.22905133
2017/11/4,68.931,11.5,55.699558,57.21180465
2017/11/5,68.9196,11.5,55.67676369,57.19457152
2017/11/6,68.4484,11.5,55.60087825,57.17735604
2017/11/7,69.0268,11.5,55.64315554,57.16011539
2017/11/8,68.991,11.5,55.63985357,57.14287862
2017/11/9,68.9857,11.5,55.61762033,57.12564518
2017/11/10,68.9583,11.5,55.60422094,57.10843441
2017/11/11,68.951,11.5,55.58180185,57.09122426
2017/11/12,68.9622,11.5,55.56108866,57.07401501
2017/11/13,68.9434,11.5,55.53760734,57.05682148
2017/11/14,68.9449,11.5,55.52687207,57.03962359
2017/11/15,68.9074,11.5,55.5125384,57.02240953
2017/11/16,68.8343,11.5,55.47317296,57.0052076
2017/11/17,68.7773,11.5,55.47879639,56.98799445
2017/11/18,68.764,11.5,55.47757151,56.97080465
2017/11/19,68.7891,11.5,55.53426148,56.95365021
2017/11/20,68.8465,11.5,55.53954774,56.93650979
2017/11/21,68.7851,11.5,55.52301778,56.91938421
2017/11/22,68.9264,11.5,55.55778653,56.90226147
2017/11/23,68.9113,11.5,55.52377232,56.88515126
2017/11/24,68.9061,11.5,55.46892049,56.86803977
2017/11/25,68.8847,11.5,55.42344509,56.85090593
2017/11/26,68.7178,11.5,55.40805585,56.83378445
2017/11/27,68.5486,11.5,55.38160999,56.81667412
2017/11/28,68.6829,11.5,55.35045174,56.79958124
2017/11/29,68.7632,11.5,55.31434259,56.78249237
2017/11/30,68.6489,11.5,55.31468356,56.76510111
2017/12/1,68.6639,11.5,55.27254894,56.74765327
2017/12/2,68.6134,11.5,55.20261372,56.7303329
2017/12/3,68.589,11.5,55.24388728,56.71303149
2017/12/4,68.6013,11.5,55.22325954,56.69577034
2017/12/5,68.6134,11.5,55.21349426,56.67851687
2017/12/6,68.5898,11.5,55.21131915,56.66133678
2017/12/7,68.5698,11.5,55.20947638,56.64412363
2017/12/8,68.509,11.5,55.21475907,56.62691107
2017/12/9,68.5353,11.5,55.13012614,56.60971421
2017/12/10,68.555,11.5,55.13194209,56.592525
2017/12/11,68.5233,11.5,55.11813783,56.57535059
2017/12/12,68.4355,11.5,55.11005043,56.5581904
2017/12/13,68.3306,11.5,55.07863065,56.54104172
2017/12/14,68.3584,11.5,55.07030271,56.52389799
2017/12/15,68.3484,11.5,55.05849785,56.50677296
2017/12/16,68.3152,11.5,55.08809984,56.48964195
2017/12/17,68.3561,11.5,55.08097583,56.47249292
2017/12/18,68.3165,11.5,55.0446783,56.45537016
2017/12/19,68.3185,11.5,55.04486224,56.43827044
2017/12/20,68.3129,11.5,55.06611804,56.42118399
2017/12/21,68.3064,11.5,55.02197804,56.40413723
2017/12/22,68.3216,11.5,54.92540126,56.38711782
2017/12/23,68.3014,11.5,54.91265396,56.37006786
2017/12/24,68.2708,11.5,54.89894894,56.35304993
2017/12/25,68.2415,11.5,54.93980206,56.33605406
2017/12/26,68.2247,11.5,55.00358029,56.3190721
2017/12/27,68.2422,11.5,54.96164094,56.30206864
2017/12/28,68.2491,11.5,54.91872645,56.28508098
2017/12/29,68.2241,11.5,54.93820166,56.26808269
2017/12/30,68.1376,11.5,54.96291657,56.25109312
2017/12/31,68.0707,11.5,54.93499793,56.23412836
2018/1/1,68.0791,11.5,54.91399013,56.2171576
2018/1/2,68.0429,11.5,54.87799766,56.20020472
2018/1/3,67.9884,11.5,54.84032376,56.1832574
2018/1/4,67.9458,11.5,54.77106359,56.16633167
2018/1/5,67.5722,11.5,54.73686075,56.14944098
2018/1/6,67.4984,11.5,54.73012485,56.13255664
2018/1/7,67.492,11.5,54.71864307,56.11565237
2018/1/8,67.4606,11.5,54.69398202,56.09874337
2018/1/9,67.5409,11.5,54.69041298,56.08183602
2018/1/10,67.3276,11.5,54.63825937,56.06494298
2018/1/11,67.0862,11.5,54.60540034,56.04809267
2018/1/12,67.0211,11.5,54.59949108,56.0312724
2018/1/13,68.1056,11.5,54.55702273,56.01443714
2018/1/14,68.2798,11.5,54.5404368,55.99760419
2018/1/15,67.6906,11.5,54.51885158,55.98078167
2018/1/16,67.9354,11.5,54.49776194,55.9639569
2018/1/17,67.9829,11.5,54.50213686,55.94713047
2018/1/18,67.9361,11.5,54.50872159,55.93031699
2018/1/19,67.9182,11.5,54.46349151,55.91351445
2018/1/20,67.9229,11.5,54.37675484,55.8967236
2018/1/21,67.9033,11.5,54.41853466,55.87995131
2018/1/22,67.9096,11.5,54.52807309,55.86318872
2018/1/23,67.8627,11.5,54.41479557,55.84643441
2018/1/24,67.8748,11.5,54.33962953,55.8296823
2018/1/25,67.8879,11.5,54.3190421,55.81303351
2018/1/26,67.8693,11.5,54.28463312,55.79635684
2018/1/27,67.3841,11.5,54.22912644,55.77973237
2018/1/28,67.4586,11.5,54.23595681,55.76314098
2018/1/29,66.9431,11.5,54.1888359,55.74655203
2018/1/30,67.0923,11.5,54.2460707,55.72990913
2018/1/31,67.3188,11.5,54.38670924,55.71316515
2018/2/1,67.402,11.5,54.20895854,55.69649599
2018/2/2,67.4221,11.5,54.1671845,55.67971037
2018/2/3,67.4012,11.5,54.19798082,55.66315221
2018/2/4,67.3216,11.5,54.17978038,55.64631256
2018/2/5,67.3347,11.5,54.15916959,55.62946158
2018/2/6,67.194,11.5,54.13537947,55.61272563
2018/2/7,67.1554,11.5,54.13184903,55.59606508
2018/2/8,67.2024,11.5,54.1252406,55.57938563
2018/2/9,67.1901,11.5,54.10229968,55.56277247
2018/2/10,67.1359,11.5,54.06461514,55.54617801
2018/2/11,67.1153,11.5,54.05182158,55.52960398
2018/2/12,66.7191,11.5,54.01567708,55.51302941
2018/2/13,67.0645,11.5,54.02535632,55.49646392
2018/2/14,67.105,11.5,54.01815089,55.48048043
2018/2/15,67.0688,11.5,54.00392922,55.46464858
2018/2/16,67.072,11.5,53.97149077,55.44882618
2018/2/17,66.9543,11.5,53.93890461,55.43301848
2018/2/18,66.9826,11.5,53.93057939,55.41722648
2018/2/19,67.0123,11.5,53.92238383,55.40143654
2018/2/20,66.9848,11.5,53.8762192,55.38566834
2018/2/21,67.0163,11.5,53.83545251,55.36990982
2018/2/22,69.8498,11.5,53.6539555,55.35398079
2018/2/23,70.7136,11.5,53.7261727,55.3382153
2018/2/24,70.6486,11.5,53.73075739,55.32246749
2018/2/25,70.5362,11.5,53.75251635,55.30673111
2018/2/26,70.5336,11.5,53.74139435,55.29100085
2018/2/27,70.5825,11.5,53.72437202,55.27527012
2018/2/28,70.56,11.5,53.70045742,55.25954582
2018/3/1,70.6138,11.5,53.68391286,55.243805
2018/3/2,70.7087,11.5,53.69309077,55.22805456
2018/3/3,70.5954,11.5,53.67126367,55.21231838
2018/3/4,70.5779,11.5,53.65870129,55.19658151
2018/3/5,70.598,11.5,53.63890154,55.18085671
2018/3/6,70.6524,11.5,53.63329251,55.16512756
2018/3/7,70.64,11.5,53.61035093,55.14940986
2018/3/8,70.66,11.5,53.56880324,55.13368443
2018/3/9,70.5,11.5,53.59681418,55.11794074
2018/3/10,70.54,11.5,53.56806205,55.102191
2018/3/11,70.53,11.5,53.5453496,55.08645735
2018/3/12,70.48,11.5,53.54051576,55.07072355
2018/3/13,70.45,11.5,53.50499473,55.05505969
2018/3/14,70.49,11.5,53.50886167,55.03938256
2018/3/15,70.45,11.5,53.49412048,55.02369844
2018/3/16,70.44,11.5,53.47140489,55.00802245
2018/3/17,70.43,11.5,53.44868856,54.99236435
2018/3/18,70.47,11.5,53.44168275,54.97670902
2018/3/19,70.47,11.5,53.40905898,54.96106347
2018/3/20,70.41,11.5,53.39237802,54.94536449
2018/3/21,70.46,11.5,53.3972162,54.92963181
2018/3/22,70.45,11.5,53.3853732,54.9139093
2018/3/23,70.38,11.5,53.37860055,54.89819363
2018/3/24,70.34,11.5,53.3421029,54.88248242
2018/3/25,70.29,11.5,53.34814704,54.86678357
2018/3/26,70.27,11.5,53.31358117,54.85106965
2018/3/27,70.25,11.5,53.31164864,54.83534748
2018/3/28,70.29,11.5,53.29375853,54.81963767
2018/3/29,70.33,11.5,53.2649946,54.80393433
2018/3/30,70.28,11.5,53.28191359,54.78822827
2018/3/31,70.19,11.5,53.26233702,54.77246466
2018/4/1,70.22,11.5,53.25435627,54.75670257
2018/4/2,70.13,11.5,53.23478304,54.74093649
2018/4/3,70.11,11.5,53.22197166,54.72517561
2018/4/4,70.04,11.5,53.20433565,54.70942949
2018/4/5,70.29,11.5,53.21761095,54.69367459
2018/4/6,70.14,11.5,53.15958438,54.67794436
2018/4/7,70.13,11.5,53.16949892,54.66221987
2018/4/8,70.14,11.5,53.12694129,54.6464945
2018/4/9,70.04,11.5,53.12816082,54.6307554
2018/4/10,69.97,11.5,53.11052172,54.61502021
2018/4/11,69.93,11.5,53.09577949,54.5992902
2018/4/12,69.91,11.5,53.08296648,54.58357877
2018/4/13,69.88,11.5,53.06918921,54.56787859
2018/4/14,69.96,11.5,53.01160107,54.55219311
2018/4/15,69.89,11.5,52.96130088,54.53650254
2018/4/16,69.9,11.5,52.99492276,54.5208285
2018/4/17,69.85,11.5,53.00098388,54.50517926
2018/4/18,69.81,11.5,52.98624037,54.48952674
2018/4/19,69.79,11.5,52.9625386,54.47384821
2018/4/20,69.76,11.5,52.95964666,54.45822727
2018/4/21,69.74,11.5,52.94683165,54.4425893
2018/4/22,69.61,11.5,52.92342493,54.42696216
2018/4/23,69.53,11.5,52.91573147,54.41133613
2018/4/24,69.56,11.5,52.88594443,54.39571984
2018/4/25,69.58,11.5,52.85519746,54.38010301
2018/4/26,69.54,11.5,52.84045687,54.36449407
2018/4/27,69.47,11.5,52.84461622,54.34888752
2018/4/28,69.46,11.5,52.83276285,54.33329746
2018/4/29,69.42,11.5,52.80713312,54.31771309
2018/4/30,69.38,11.5,52.80329004,54.30213659
2018/5/1,69.34,11.5,52.78855487,54.28657217
2018/5/2,69.34,11.5,52.76676642,54.27101343
2018/5/3,69.3,11.5,52.75203082,54.25546712
2018/5/4,69.29,11.5,52.7401757,54.23993051
2018/5/5,69.13,11.5,52.7030358,54.22441363
2018/5/6,69.19,11.5,52.69789127,54.20890278
2018/5/7,69.17,11.5,52.68507595,54.193391
2018/5/8,69.15,11.5,52.67226051,54.17789255
2018/5/9,69.13,11.5,52.64854697,54.16240853
2018/5/10,69.15,11.5,52.62866962,54.14693014
2018/5/11,69.02,11.5,52.60530659,54.13145849
2018/5/12,69.04,11.5,52.60722291,54.1159817
2018/5/13,69.03,11.5,52.59536501,54.10051676
2018/5/14,68.91,11.5,52.58387451,54.0850591
2018/5/15,68.88,11.5,52.5701029,54.0696058
2018/5/16,68.73,11.5,52.56667275,54.05415557
2018/5/17,68.73,11.5,52.5557689,54.0387148
2018/5/18,68.96,11.5,52.50145167,54.02328057
2018/5/19,68.94,11.5,52.4995349,54.0078536
2018/5/20,68.84,11.5,52.50086163,53.99692751
2018/5/21,68.78,11.5,52.47331501,53.98600196
2018/5/22,68.9,11.5,52.44119058,53.97511415
2018/5/23,68.85,11.5,52.41459303,53.9641924
2018/5/24,68.79,11.5,52.40884681,53.95327647
2018/5/25,68.74,11.5,52.40406177,53.94236782
2018/5/26,68.8,11.5,52.39889991,53.93144967
2018/5/27,68.83,11.5,52.35815682,53.91899922
2018/5/28,68.85,11.5,52.3600741,53.90596007
2018/5/29,68.77,11.5,52.34150283,53.89295151
2018/5/30,68.81,11.5,52.32352593,53.87890598
2018/5/31,68.76,11.5,52.29692289,53.86453661
2018/6/1,68.76,0,56.47735657,53.85210372
2018/6/2,0,,53.25682252,53.84101806
2018/6/3,0,,53.23423256,53.82993078
2018/6/4,0,,53.17775198,53.81886794
2018/6/5,0,,53.27941118,53.80780875
2018/6/6,0,0,53.14385972,53.79674285
2018/6/7,0,,53.12126329,53.78566842
2018/6/8,60.41,9.5,52.1028029,53.77377226
2018/6/9,70.09,11.5,52.78472963,53.76106688
2018/6/10,68.46,11.5,52.25732023,53.74839178
2018/6/11,68.21,11.5,52.24440639,53.73575221
2018/6/12,68.15,11.5,52.21687209,53.72273852
2018/6/13,68.02,11.5,52.22635326,53.70875085
2018/6/14,68.01,11.5,52.23632032,53.69387599
2018/6/15,68.06,11.5,52.23015012,53.67903857
2018/6/16,67.81,11.5,52.20645298,53.66344777
2018/6/17,67.02,11.5,52.13209089,53.64797806
2018/6/18,67.05,11.5,52.12397116,53.63257194
2018/6/19,67.04,11.5,52.10117557,53.61717615
2018/6/20,66.86,11.5,52.09526318,53.60178033
2018/6/21,66.78,11.5,52.06592501,53.58637812
2018/6/22,66.78,11.5,52.03312502,53.57098532
2018/6/23,66.79,11.5,52.02312586,53.55561574
2018/6/24,66.76,11.5,52.0093892,53.54025519
2018/6/25,66.72,11.5,51.98378421,53.52496068
2018/6/26,66.63,11.5,51.96444777,53.50959061
2018/6/27,66.61,11.5,51.95164575,53.49423392
2018/6/28,66.54,11.5,51.93418166,53.4788616
2018/6/29,66.46,11.5,51.91579055,53.46348597
2018/6/30,66.48,11.5,51.89577613,53.44809126
2018/7/1,66.47,11.5,51.87296673,53.4328349
2018/7/2,66.48,11.5,51.86295976,53.41761346
2018/7/3,66.49,11.5,51.82013583,53.40249164
2018/7/4,66.15,11.5,51.82132577,53.38734705
2018/7/5,66.12,11.5,51.79665407,53.37220399
2018/7/6,66.08,11.5,51.77105371,53.35707206
2018/7/7,66.03,11.5,51.76641683,53.34194981
2018/7/8,66,11.5,51.74174398,53.32683497
2018/7/9,65.99,11.5,51.70797745,53.31171938
2018/7/10,65.96,11.5,51.72709037,53.29661318
2018/7/11,65.89,11.5,51.67681524,53.28151058
2018/7/12,65.59,11.5,51.70384681,53.26642044
2018/7/13,65.58,11.5,51.68102105,53.25134058
2018/7/14,65.52,11.5,51.67549231,53.23626449
2018/7/15,65.48,11.5,51.67180905,53.22119434
2018/7/16,65.46,11.5,51.65901433,53.20612994
2018/7/17,65.33,11.5,51.62514787,53.19107798
2018/7/18,65.26,11.5,51.59680378,53.17603719
2018/7/19,65.09,11.5,51.60312777,53.16099997
2018/7/20,65.04,11.5,51.58758967,53.14598133
2018/7/21,65.19,11.5,51.56846171,53.13096968
2018/7/22,65.21,11.5,51.54838133,53.11596485
2018/7/23,65.11,11.5,51.53920458,53.10096936
2018/7/24,65.14,11.5,51.50907823,53.08596749
2018/7/25,65.24,11.5,51.5073047,53.07097424
2018/7/26,65.28,11.5,51.47810902,53.05664397
2018/7/27,65.2326,11.5,51.4627901,53.04161004
2018/7/28,65.1755,11.5,51.44658106,53.02661207
2018/7/29,65.1401,11.5,51.44332825,53.01162786
2018/7/30,65.0056,11.5,51.40905981,52.99664966
2018/7/31,65.0111,11.5,51.38763968,52.98165308
2018/8/1,65.0158,11.5,51.38807093,52.96665059
2018/8/2,65.0123,11.5,51.37678732,52.95163589
2018/8/3,65.0179,11.5,51.37730124,52.93657937
2018/8/4,64.7849,11.5,51.34498679,52.92155485
2018/8/5,64.657,11.5,51.32232831,52.90654151
2018/8/6,64.6325,11.5,51.30912293,52.89154315
2018/8/7,64.6294,11.5,51.28690343,52.87655877
2018/8/8,64.6578,11.5,51.2785301,52.86158608
2018/8/9,64.6638,11.5,51.2571423,52.84662617
2018/8/10,64.6619,11.5,51.2460003,52.83285886
2018/8/11,64.6922,11.5,51.23780353,52.81792951
2018/8/12,64.6938,11.5,51.21601361,52.80298978
2018/8/13,65.4875,11.5,51.28906046,52.78832751
2018/8/14,65.5376,11.5,51.28274182,52.77373099
2018/8/15,65.5201,11.5,51.27016405,52.75910144
2018/8/16,65.143,11.5,51.21340602,52.7442075
2018/8/17,63.8211,11.5,51.0817315,52.73084824
2018/8/18,63.1827,11.5,51.02424385,52.71600261
2018/8/19,63.2038,11.5,50.99316747,52.70112169
2018/8/20,63.1651,11.5,51.00068688,52.68625655
2018/8/21,63.4929,11.5,51.01915504,52.67141767
2018/8/22,64.4577,11.5,51.06277474,52.65657362
2018/8/23,65.1731,11.5,51.11751662,52.64173148
2018/8/24,64.4795,11.5,51.0537945,52.62688616
2018/8/25,65.0996,11.5,51.11073466,52.61197919
2018/8/26,65.1352,11.5,51.08112709,52.59713378
2018/8/27,65.3356,11.5,51.08869095,52.5822899
2018/8/28,65.3174,11.5,51.06508271,52.56746124
2018/8/29,65.1917,11.5,51.05345455,52.55265385
2018/8/30,65.2516,11.5,51.04803039,52.53785725
2018/8/31,65.332,11.5,51.02258726,52.52305792
2018/9/1,65.355,11.5,50.99183312,52.50826875
2018/9/2,65.2903,11.5,50.98583591,52.49348317
2018/9/3,65.2388,11.5,51.00299327,52.4786981
2018/9/4,65.0962,11.5,50.95691094,52.46391743
2018/9/5,64.9589,11.5,50.95520229,52.44939358
2018/9/6,65.013,11.5,50.90535784,52.43511026
2018/9/7,65.2067,11.5,50.89037811,52.4206304
2018/9/8,65.168,11.5,50.87582771,52.40615941
2018/9/9,65.1228,11.5,50.87164267,52.39170248
2018/9/10,65.0463,11.5,50.8426306,52.37726701
2018/9/11,65.0119,11.5,50.81751332,52.362708
2018/9/12,64.8758,11.5,50.80493974,52.34799981
2018/9/13,64.621,11.5,50.80341185,52.33331055
2018/9/14,64.5962,11.5,50.79015821,52.31862632
2018/9/15,64.7681,11.5,50.7840351,52.30395783
2018/9/16,64.4473,11.5,50.74355679,52.2892972
2018/9/17,64.4676,11.5,50.73444378,52.27464432
2018/9/18,64.4258,11.5,50.73060725,52.26000163
2018/9/19,64.3785,11.5,50.70431342,52.24536683
2018/9/20,64.3571,11.5,50.70235086,52.23073935
2018/9/21,64.3798,11.5,50.68247699,52.21613159
2018/9/22,64.2217,11.5,50.66798722,52.20158371
2018/9/23,64.0241,11.5,50.61697367,52.1871607
2018/9/24,64.15,11.5,50.62848266,52.1727268
2018/9/25,64.1224,11.5,50.61497594,52.15835021
2018/9/26,64.1478,11.5,50.57337223,52.1446776
2018/9/27,64.101,11.5,50.5581057,52.13068684
2018/9/28,64.0754,11.5,50.54478001,52.11598433
2018/9/29,64.2547,11.5,50.55022531,52.10129839
2018/9/30,64.2831,11.5,50.54185072,52.0866221
2018/10/1,64.2673,11.5,50.51843849,52.07195686
2018/10/2,64.1839,11.5,50.49980434,52.05730235
2018/10/3,63.977,11.5,50.48085786,52.0426599
2018/10/4,64.256,11.5,50.48445679,52.02802361
2018/10/5,64.405,11.5,50.46521469,52.01339124
2018/10/6,64.5012,11.5,50.45212015,51.99875378
2018/10/7,64.4031,11.5,50.44307972,51.9841325
2018/10/8,64.3944,11.5,50.43129826,51.9695174
2018/10/9,64.354,11.5,50.39463535,51.95491205
2018/10/10,64.3138,11.5,50.3799527,51.94031626
2018/10/11,64.2871,11.5,50.39946001,51.92572596
2018/10/12,64.2237,11.5,50.37166464,51.91114869
2018/10/13,64.2074,11.5,50.33721543,51.89656603
2018/10/14,64.2116,11.5,50.31563388,51.88161939
2018/10/15,64.1926,11.5,50.30290211,51.86628668
2018/10/16,64.1287,11.5,50.28604235,51.85091046
2018/10/17,64.1118,11.5,50.26251786,51.83550919
2018/10/18,64.1277,11.5,50.2529937,51.81998576
2018/10/19,64.1319,11.5,50.23140827,51.80443799
2018/10/20,64.0609,11.5,50.20290694,51.78903654
2018/10/21,64.0396,11.5,50.09106908,51.77345119
2018/10/22,64.0641,11.5,50.17023921,51.75784257
2018/10/23,64.0294,11.5,50.17803681,51.74224454
2018/10/24,63.9893,11.5,50.15237552,51.72665521
2018/10/25,63.96,11.5,50.16067304,51.71108238
2018/10/26,63.96,11.5,50.1277057,51.69552591
2018/10/27,63.84,11.5,50.08371733,51.67997994
2018/10/28,63.82,11.5,50.10386552,51.6644425
2018/10/29,63.78,11.5,50.05622976,51.64891482
2018/10/30,63.72,11.5,50.03973648,51.63339567
2018/10/31,63.71,11.5,50.02782653,51.61788148
2018/11/1,63.68,11.5,50.01408371,51.60237633
2018/11/2,63.77,11.5,49.98935526,51.58687988
2018/11/3,63.58,11.5,49.98293706,51.57139211
2018/11/4,63.46,11.5,49.97196474,51.5559219
2018/11/5,63.52,11.5,49.94445784,51.54046195
2018/11/6,64.01,11.5,49.90151563,51.5250034
2018/11/7,63.47,11.5,49.69790583,51.50956701
2018/11/8,63.66,11.5,49.9023009,51.49436036
2018/11/9,63.69,11.5,49.98201724,51.47919423
2018/11/10,63.71,11.5,49.86290857,51.46377289
2018/11/11,63.68,11.5,49.86015345,51.44835099
2018/11/12,63.56,11.5,49.83814717,51.43295618
2018/11/13,63.56,11.5,49.8161516,51.4175638
2018/11/14,63.52,11.5,49.77948856,51.40217439
2018/11/15,63.45,11.5,49.75107329,51.38678848
2018/11/16,63.52,11.5,49.73549233,51.37140942
2018/11/17,63.53,11.5,49.70341197,51.35603599
2018/11/18,63.52,11.5,49.69149426,51.3406765
2018/11/19,63.46,11.5,49.68598805,51.32532049
2018/11/20,63.45,11.5,49.66306904,51.30996815
2018/11/21,63.42,11.5,49.66031723,51.29462991
2018/11/22,63.32,11.5,50.22314291,51.27925992
2018/11/23,63.33,11.5,49.6190602,51.26389873
2018/11/24,63.31,11.5,49.59522084,51.24854226
2018/11/25,63.29,11.5,49.58238446,51.23320291
2018/11/26,63.31,11.5,49.5732134,51.21786561
2018/11/27,63.28,11.5,49.54845532,51.20253905
2018/11/28,63.41,11.5,49.52737304,51.18722338
2018/11/29,63.37,11.5,49.51269576,51.17192286
2018/11/30,63.31,11.5,49.49618374,51.15662368
2018/12/1,63.29,11.5,49.47233859,51.14133344
2018/12/2,63.27,11.5,49.44849233,51.12605549
2018/12/3,63.19,11.5,49.45216164,51.11078861
2018/12/4,63.1539,11.5,49.42683912,51.09553711
2018/12/5,63.0675,11.5,49.41892697,51.0802916
2018/12/6,63.1262,11.5,49.36926044,51.06506627
2018/12/7,63.1838,11.5,49.36353509,51.04994938
2018/12/8,63.1584,11.5,49.33918833,51.03484928
2018/12/9,63.0547,11.5,49.32968036,51.01974568
2018/12/10,62.9788,11.5,49.32273029,51.00465039
2018/12/11,62.9565,11.5,49.2986669,50.98955844
2018/12/12,63.0591,11.5,49.27503299,50.97447064
2018/12/13,62.9341,11.5,49.26358108,50.95938964
2018/12/14,62.817,11.5,49.24185766,50.94447724
2018/12/15,62.7916,11.5,49.22852223,50.93049338
2018/12/16,62.764,11.5,49.22600083,50.91655101
2018/12/17,62.7164,11.5,49.17759116,50.90259563
2018/12/18,62.6638,11.5,49.16177194,50.8881532
2018/12/19,62.5886,11.5,49.14389343,50.87320671
2018/12/20,62.5143,11.5,49.11508258,50.85825992
2018/12/21,62.5062,11.5,49.11434452,50.84336533
2018/12/22,62.4519,11.5,49.08735784,50.8285363
2018/12/23,62.441,11.5,49.07534432,50.81371672
2018/12/24,62.4203,11.5,49.04039499,50.79889286
2018/12/25,62.4349,11.5,49.01968186,50.78405713
2018/12/26,62.3763,11.5,49.00332096,50.76957808
2018/12/27,62.2679,11.5,48.99345645,50.75476604
2018/12/28,62.2852,11.5,48.96195713,50.7399563
2018/12/29,62.3712,11.5,48.94774124,50.72514836
2018/12/30,62.3179,11.5,48.92083686,50.71028867
2018/12/31,62.6428,11.5,48.8954055,50.69546775
2019/1/1,61.8372,11.5,48.86616785,50.68068988
2019/1/2,61.8876,11.5,48.85969852,50.66612724
2019/1/3,61.8003,11.5,48.85179807,50.65160682
2019/1/4,61.7301,12.8,48.84545248,50.63693716
2019/1/5,61.7129,12.8,48.8218314,50.62227013
2019/1/6,61.7423,13.2,48.7913877,50.60759461
2019/1/7,61.6723,13.5,48.77402563,50.59294389
2019/1/8,61.5882,15.7,48.77746735,50.57829608
2019/1/9,61.5332,15.8,48.7393957,50.56368131
2019/1/10,61.4977,16,48.73619439,50.54907949
2019/1/11,61.4177,16,48.70690832,50.53449048
2019/1/12,61.304,16.2,48.70771599,50.51989139
2019/1/13,61.2995,16.4,48.67418858,50.50530276
2019/1/14,61.2943,16.5,48.66267959,50.4907221
2019/1/15,61.2143,16.6,48.62235928,50.47615
2019/1/16,61.1784,16.8,48.61913298,50.46158415
2019/1/17,61.177,17,48.60796368,50.4470278
2019/1/18,61.1502,17,48.59451193,50.43248004
2019/1/19,61.0986,17.2,48.54569767,50.41793638
2019/1/20,61.3317,17.2,48.56667266,50.40339799
2019/1/21,61.2684,17.2,48.53888357,50.38886403
2019/1/22,61.2521,17.3,48.52637196,50.37433396
2019/1/23,61.1949,17.4,48.51017737,50.35981822
2019/1/24,61.192,17.4,48.47678224,50.3453027
2019/1/25,61.2193,17.4,48.45715204,50.33080154
2019/1/26,61.1817,17.9,48.47585474,50.31630751
2019/1/27,61.12,17.5,48.44820956,50.30182134
2019/1/28,61.1446,17.4,48.42833175,50.28734102
2019/1/29,61.1163,17.4,48.41473725,50.27286779
2019/1/30,61.0052,18.3,48.39369501,50.25840158
2019/1/31,60.97,19,48.36843342,50.24393047
2019/2/1,61.0124,19.5,48.350148,50.22947004
2019/2/2,61.0579,20,48.32109769,50.21501686
2019/2/3,60.9367,20.5,48.32124145,50.20057099
2019/2/4,60.7445,20.9,48.32609498,50.18627192
2019/2/5,60.7874,21.4,48.31888798,50.17202702
2019/2/6,60.9048,21.9,48.22996501,50.16191994
2019/2/7,60.8323,22,48.25660366,50.15221431
2019/2/8,60.7249,22,48.23591005,50.14156126
2019/2/9,60.5582,22,48.24308932,50.12817159
2019/2/10,60.3023,22,48.19812446,50.11431584
2019/2/11,60.2961,22,48.1754506,50.10038149
2019/2/12,60.3718,22,48.17114333,50.08628384
2019/2/13,60.3439,22,48.16865333,50.07207644
2019/2/14,60.413,22,48.13058449,50.05789283
2019/2/15,60.4138,22,48.10853635,50.0437305
2019/2/16,60.2972,22,48.10918171,50.02959789
2019/2/17,60.2066,22,48.07897602,50.01547389
2019/2/18,60.1642,22,48.05306952,50.00137342
2019/2/19,60.1733,22,48.03175242,49.98729076
2019/2/20,60.2311,22,48.02584485,49.9732108
2019/2/22,0,,45.20568299,49.9732108
2019/2/23,60.197,22,47.95641579,49.95896602
2019/2/24,60.1334,22,47.92860741,49.94473721
2019/2/25,59.9943,22,47.92727478,49.9305231
2019/2/26,59.8701,22,47.90515655,49.9163204
2019/2/27,59.8014,22,47.86583972,49.90212369
2019/2/28,59.7946,22,47.85416412,49.887929
2019/3/1,59.8356,22,47.84673684,49.87373209
2019/3/2,59.8373,22,47.83581683,49.85953791
2019/3/3,59.784,22,47.66498317,49.84534525
2019/3/4,59.6259,22,47.80597227,49.83115298
2019/3/5,59.5123,22,47.77375635,49.81670004
2019/3/6,59.4851,22,47.74919455,49.80225665
2019/3/7,59.5716,22,47.7568575,49.78781633
2019/3/8,59.5813,22,47.72448961,49.77337806
2019/3/9,59.6218,22,47.7170077,49.75894375
2019/3/10,59.5214,22,47.6970242,49.74452744
2019/3/11,59.4542,22,47.69106968,49.73010441
2019/3/12,59.437,22.5,47.66738914,49.71568705
2019/3/13,59.4653,22.5,47.65881771,49.70127577
2019/3/14,59.3856,22.8,47.62959892,49.68699474
2019/3/15,59.383,23,47.61828856,49.67277304
2019/3/16,59.2983,23.1,47.58862939,49.65837775
2019/3/17,59.3253,23.2,47.5799372,49.64397764
2019/3/18,59.2748,23.3,47.56438616,49.62989494
2019/3/19,59.2677,23.1,47.56375806,49.61568011
2019/3/20,59.1576,23.2,47.54294256,49.60147784
2019/3/21,58.9721,23.3,47.57092876,49.58717557
2019/3/22,58.8042,23.4,47.50072352,49.57284148
2019/3/23,58.7622,23.2,47.47485357,49.55857694
2019/3/24,58.7545,23,47.45199547,49.5443086
2019/3/25,58.7822,23.3,47.43224792,49.53003011
2019/3/26,58.7611,23.2,47.44148429,49.51575013
2019/3/27,58.7162,23.3,47.41535619,49.50149047
2019/3/28,58.6845,23.4,47.41257219,49.48725617
2019/3/29,58.6198,23.3,47.40689428,49.47303889
2019/3/30,58.6152,23.5,47.38430338,49.45883063
2019/3/31,58.6234,23.6,47.36283511,49.4446223
2019/4/1,58.6086,23.7,47.32825276,49.43042256
2019/4/2,58.5667,23.8,47.29128845,49.41623666
2019/4/3,58.5701,23.8,47.29158695,49.40190208
2019/4/4,58.5885,23.9,47.28210716,49.38750518
2019/4/5,58.5592,23.9,47.26843808,49.37311293
2019/4/6,58.5641,24.5,47.25777226,49.35873797
2019/4/7,58.4845,24.6,47.25078506,49.34436781
2019/4/8,58.4178,24.7,47.2338384,49.33000216
2019/4/9,58.4148,25,47.18917995,49.31564561
2019/4/10,58.6373,25.1,47.19763231,49.30128819
2019/4/11,58.6389,25.2,47.15338842,49.28771364
2019/4/12,58.5081,25.3,47.15297666,49.27354231
2019/4/13,58.3503,25.5,47.15022478,49.25925509
2019/4/14,58.272,25.6,47.11005914,49.24497844
2019/4/15,58.3077,25.7,47.07988178,49.23069622
2019/4/16,58.303,25.8,47.07946963,49.21641864
2019/4/17,58.2573,25.8,47.09766909,49.20213937
2019/4/18,58.0018,26,47.04201333,49.18787578
2019/4/19,58.0192,26.1,47.06574528,49.17385189
2019/4/20,57.8348,26.2,46.99412617,49.15967869
2019/4/21,57.9944,26.3,46.974723,49.14544059
2019/4/22,58.1787,26.4,46.99084886,49.13122484
2019/4/23,58.1291,26.5,46.97539852,49.11702662
2019/4/24,58.0615,26.5,46.95837479,49.10285014
2019/4/25,58.0305,26.6,46.94455549,49.08868288
2019/4/26,57.9924,26.7,46.94122401,49.07452218
2019/4/27,57.7756,26.7,46.94452781,49.06036841
2019/4/28,57.5013,26.5,46.89846071,49.04621737
2019/4/29,57.6162,26.4,46.85286413,49.032075
2019/4/30,57.6685,26.5,46.87964231,49.01793455
2019/5/1,57.5632,26.5,46.8482565,49.00380438
2019/5/2,57.5167,26.5,46.8219843,48.98968925
2019/5/3,57.4603,26.5,46.81708724,48.97558125
2019/5/4,57.4464,26.6,46.78252746,48.96148986
2019/5/5,57.4498,26.6,46.78282264,48.94741308
2019/5/6,57.4795,26.7,46.75204839,48.93374916
2019/5/7,57.3881,26.1,46.71075202,48.9202336
2019/5/8,57.508,26.1,46.68781767,48.90671914
2019/5/9,57.5285,26,46.70072029,48.89319636
2019/5/10,57.4623,25.9,46.69496058,48.87967924
2019/5/11,57.4313,26.2,46.6589064,48.86616967
2019/5/12,57.4187,26.3,46.64669058,48.85265622
2019/5/13,57.4373,26.4,46.61494768,48.83907626
2019/5/14,57.4394,26.5,46.61513045,48.82550903
2019/5/15,57.3042,26.8,46.60337598,48.81194876
2019/5/16,57.3097,26.9,46.59273121,48.79839899
2019/5/17,57.3019,27,46.56980807,48.78485939
2019/5/18,57.3211,27.1,46.54923104,48.7713215
2019/5/19,57.2916,27.2,46.5355432,48.75779136
2019/5/20,57.2313,27.3,46.49693019,48.74425883
2019/5/21,57.2376,27.3,46.48635271,48.73072545
2019/5/22,57.2297,27.4,46.47454101,48.71720493
2019/5/23,57.2026,27.5,46.46106042,48.70369459
2019/5/24,57.1722,27.6,46.46954574,48.69020548
2019/5/25,57.1412,27.7,46.43347409,48.6767193
2019/5/26,57.1077,27.6,46.37492619,48.66324842
2019/5/27,57.0781,27.6,46.42799739,48.64979208
2019/5/28,57.0415,27.6,46.36917854,48.63633055
2019/5/29,57.052,27.6,46.34783117,48.62306843
2019/5/30,56.9713,27.6,46.35195976,48.60935815
2019/5/31,56.9527,27.6,46.33921657,48.59564406
2019/6/1,56.9719,27.7,46.3186195,48.58193229
2019/6/2,56.9882,27.7,46.32003358,48.56809865
2019/6/3,56.8766,27.7,46.32149168,48.55430848
2019/6/4,56.8155,27.7,46.32733655,48.54054839
2019/6/5,56.782,27.8,46.24650082,48.52678896
2019/6/6,56.9987,27.6,46.23189547,48.51303301
2019/6/7,57.0477,27.6,46.26954767,48.49927705
2019/6/8,56.7143,27.8,46.22950842,48.48554216
2019/6/9,56.6812,27.9,46.19323701,48.47181715
2019/6/10,56.75,28,46.16578202,48.45810423
2019/6/11,56.8809,28.2,46.14372932,48.44439689
2019/6/12,56.861,28.2,46.14200131,48.43069584
2019/6/13,56.8252,28.4,46.13889402,48.41700048
2019/6/14,56.823,28.6,46.12756755,48.40330863
2019/6/15,56.7759,28.8,46.10120853,48.38959337
2019/6/16,56.7466,28.8,46.06525531,48.3758614
2019/6/17,7.8022,3.3,43.57968378,48.37414431
2019/6/18,0,0,47.96759012,48.37382422
2019/6/19,0,0,47.96759012,48.3737889
2019/6/20,0,,47.94466973,48.3737889
2019/6/21,0,,47.92174778,48.37364334
2019/6/22,0,,47.88736195,48.37337722
2019/6/23,0,,47.85297261,48.37313256
2019/6/24,0,,47.85297261,48.37199341
2019/6/25,0,,47.83004444,48.3689537
2019/6/26,0,,47.79564923,48.36574655
2019/6/27,0,,47.78418338,48.3625504
2019/6/28,0,0,47.77271714,48.35660418
2019/6/29,0,,47.73831606,48.34884168
2019/6/30,49.4875,25,47.11216468,48.33735468
2019/7/1,54.2794,27.6,47.0279501,48.3240055
2019/7/2,54.0232,27.4,46.56046941,48.31063999
