日期,日产气量,日产水量,井底流压,地层压力
2013/3/20,29.6167,64,74.88224089,76.04583737
2013/3/21,34.6776,38,75.52330508,76.04096344
2013/3/22,35.893,38,75.58746002,76.03591867
2013/3/23,36.1657,40,75.58309772,76.03083559
2013/3/24,35.8168,42,75.55041609,76.02580153
2013/3/25,35.523,42,75.47831313,76.02080878
2013/3/26,35.4818,44,75.45423602,76.01582181
2013/3/27,35.5687,47,75.41658925,76.01082263
2013/3/28,35.4432,58,75.41956048,76.00584109
2013/3/29,35.4732,47,75.39989759,76.00085533
2013/3/30,35.2151,48,75.36242061,75.99590585
2013/3/31,34.9503,43,75.35693301,75.99099358
2013/4/1,44.0929,92,74.25851146,75.98479633
2013/4/2,58.3259,96,75.03815825,75.97659862
2013/4/3,58.4814,91,74.87280021,75.96837906
2013/4/4,58.4506,96,74.81638817,75.96016383
2013/4/5,56.0128,79,74.80822447,75.95229123
2013/4/6,55.6578,74,74.82708521,75.94446852
2013/4/7,55.6933,72,74.77715846,75.93664083
2013/4/8,59.2275,91,74.16073093,75.92831641
2013/4/9,64.0557,84,74.55200643,75.91931338
2013/4/10,63.7049,106,74.33236979,75.91035965
2013/4/11,63.0215,116,74.12927623,75.90150198
2013/4/12,62.9839,110,74.10387463,75.89264959
2013/4/13,62.6871,99,74.071304,75.88383892
2013/4/14,62.4839,88,74.00654005,75.87505681
2013/4/15,62.3037,96,73.94433445,75.86630003
2013/4/16,61.6315,96,73.88212865,75.85763772
2013/4/17,60.7348,96,73.82871874,75.84910144
2013/4/18,60.8991,104,73.7610063,75.84054207
2013/4/19,61.3267,98,73.63638916,75.83192261
2013/4/20,61.453,90,73.61803226,75.82328539
2013/4/21,61.3852,96,74.80275393,75.8146577
2013/4/22,61.5175,100,76.0075851,75.80601141
2013/4/23,61.5718,98,77.20282553,75.7973575
2013/4/24,25.6759,38,75.69360068,75.79374875
2013/4/25,,0,75.03265535,75.79374875
2013/4/26,,0,75.05431191,75.79374875
2013/4/27,,0,75.08679544,75.79374875
2013/4/28,,0,75.10845033,75.79374875
2013/4/29,,0,75.13010453,75.79374875
2013/4/30,,0,75.14093138,75.79374875
2013/5/1,,0,75.16258463,75.79374875
2013/5/2,,0,75.16258463,75.79374875
2013/5/3,,0,75.17341101,75.79374875
2013/5/4,,0,75.18423718,75.79374875
2013/5/5,,0,75.18423718,75.79374875
2013/5/6,,0,75.1950632,75.79374875
2013/5/7,,0,75.21671479,75.79374875
2013/5/8,,0,75.21671479,75.79374875
2013/5/9,,0,75.1950632,75.79374875
2013/5/10,,0,75.22754036,75.79374875
2013/5/11,,0,75.22754036,75.79374875
2013/5/12,10.9928,0,74.8670697,75.79220371
2013/5/13,19.9265,15,75.11602429,75.78940304
2013/5/14,20.8047,11,75.13706257,75.78647894
2013/5/15,21.0648,15,75.14674706,75.78351828
2013/5/16,21.4464,17,75.16116411,75.78050399
2013/5/17,21.9847,21,75.18192319,75.77741404
2013/5/18,22.1469,12,75.22068121,75.77430129
2013/5/19,22.0655,23,75.19588419,75.77119999
2013/5/20,22.2457,19,75.19216609,75.76807336
2013/5/21,22.1453,15,75.16660734,75.76496083
2013/5/22,22.2864,19,75.12895965,75.76182848
2013/5/23,22.4835,20,75.11518375,75.75866842
2013/5/24,22.5128,21,75.10555079,75.75550425
2013/5/25,22.5012,21,75.10508752,75.75234171
2013/5/26,22.4628,20,75.10355557,75.74918456
2013/5/27,22.6139,20,75.087993,75.74600618
2013/5/28,22.8167,22,75.0853631,75.74279929
2013/5/29,22.8286,24,75.07504253,75.73959073
2013/5/30,22.7793,26,75.07304815,75.7363891
2013/5/31,22.8064,24,75.0633414,75.73318366
2013/6/1,22.8159,24,75.06372586,75.72997688
2013/6/2,22.8541,18,75.05447077,75.72676474
2013/6/3,20.2813,20,75.20437646,75.7239142
2013/6/4,32.6612,72,74.86578386,75.71932367
2013/6/5,34.8799,47,74.83579085,75.7144213
2013/6/6,48.9521,100,74.38623989,75.70754108
2013/6/7,50.2132,73,74.34563256,75.70048362
2013/6/8,63.8493,175,72.81750677,75.6915096
2013/6/9,65.6976,131,72.93260943,75.6822758
2013/6/10,77.7964,237,71.18933136,75.67134152
2013/6/11,79.7536,154,71.58935439,75.66013215
2013/6/12,6.5889,11,75.23878798,75.65920608
2013/6/13,,0,75.03265535,75.65920608
2013/6/14,,0,75.20588907,75.65920608
2013/6/15,,0,75.15175809,75.65920608
2013/6/16,56.7155,48,73.40413192,75.65123472
2013/6/17,60.5967,71,74.06967363,75.64271785
2013/6/18,64.583,108,73.474464,75.63364071
2013/6/19,64.6669,102,73.04821745,75.62455178
2013/6/20,67.1184,155,72.1325754,75.61511829
2013/6/21,69.0064,148,72.33849939,75.60541944
2013/6/22,69.1355,180,72.32244521,75.59570244
2013/6/23,69.1274,139,72.34265724,75.58598659
2013/6/24,68.7128,173,72.29218493,75.576329
2013/6/25,68.9141,151,72.24243654,75.56664312
2013/6/26,69.1168,163,72.23535392,75.55692876
2013/6/27,68.9562,151,72.23696283,75.54723696
2013/6/28,68.7585,140,72.21290107,75.53757296
2013/6/29,68.5749,172,72.18000664,75.52793476
2013/6/30,68.3054,158,72.15799716,75.51833443
2013/7/1,68.3739,145,72.13445138,75.50872448
2013/7/2,9.112,16,73.92203908,75.50744379
2013/7/3,,0,74.64272399,75.50744379
2013/7/4,,0,74.69689407,75.50744379
2013/7/5,,0,74.72939411,75.50744379
2013/7/6,17.0825,9,74.23204999,75.50504284
2013/7/7,21.375,16,74.45583026,75.50203859
2013/7/8,22.4717,16,74.46627173,75.49888019
2013/7/9,22.2381,15,74.53264988,75.49575462
2013/7/10,22.5889,17,74.57908641,75.49257975
2013/7/11,22.1393,22,74.56117851,75.48946808
2013/7/12,21.9077,21,74.54127637,75.48638895
2013/7/13,21.8491,27,74.56061534,75.48331806
2013/7/14,62.538,183,71.70194687,75.47452834
2013/7/15,66.6073,157,72.28454676,75.46516669
2013/7/16,66.5987,187,72.2835344,75.45580624
2013/7/17,66.3069,182,72.25988099,75.4464868
2013/7/18,66.1629,145,72.26426902,75.43718761
2013/7/19,66.2913,162,72.26867675,75.42787037
2013/7/20,65.8112,145,72.22323471,75.4186206
2013/7/21,65.2076,139,72.24898559,75.40945567
2013/7/22,65.1616,148,72.22241652,75.40029721
2013/7/23,65.0036,184,72.16168777,75.39116095
2013/7/24,64.8897,158,72.16986959,75.38204071
2013/7/25,64.8401,148,72.1641767,75.37292743
2013/7/26,64.9024,164,72.18196375,75.3638054
2013/7/27,64.8235,187,72.16227233,75.35469446
2013/7/28,64.712,173,72.14949274,75.34559918
2013/7/29,64.7378,174,72.1418106,75.33650029
2013/7/30,26.2814,63,75.07390661,75.33280644
2013/7/31,,0,74.42600152,75.33280644
2013/8/1,,0,74.46935138,75.33280644
2013/8/2,,0,74.51269858,75.33280644
2013/8/3,,0,74.54520722,75.33280644
2013/8/4,,0,74.56687878,75.33280644
2013/8/5,,0,74.58854969,75.33280644
2013/8/6,,0,74.6102199,75.33280644
2013/8/7,,0,74.63188945,75.33280644
2013/8/8,,0,74.64272399,75.33280644
2013/8/9,,0,74.66439253,75.33280644
2013/8/10,,0,74.67522653,75.33280644
2013/8/11,,0,74.68606038,75.33280644
2013/8/12,,0,74.69689407,75.33280644
2013/8/13,0.1717,0,74.48024895,75.3327823
2013/8/14,65.1891,103,73.2140749,75.32361998
2013/8/15,65.3718,75,72.50180988,75.31443197
2013/8/16,65.2022,117,72.35468727,75.3052678
2013/8/17,65.1879,136,72.31051081,75.29610564
2013/8/18,64.6406,139,72.24769726,75.2870204
2013/8/19,64.6435,105,72.25866599,75.27793476
2013/8/20,65.0781,132,72.29786938,75.26878803
2013/8/21,64.864,95,72.20946356,75.2596714
2013/8/22,64.9231,139,72.19497666,75.25054646
2013/8/23,64.5518,102,72.15244514,75.2414737
2013/8/24,64.7213,132,72.17183265,75.23237712
2013/8/25,64.095,91,72.1430032,75.22336857
2013/8/26,64.2672,120,72.14128173,75.21433581
2013/8/27,63.9428,102,72.1363991,75.20534865
2013/8/28,63.8583,165,72.08426245,75.19637337
2013/8/29,62.1334,129,71.69978675,75.18764052
2013/8/30,64.219,113,72.061308,75.17861454
2013/8/31,64.1063,152,72.04850083,75.1696044
2013/9/1,64.051,141,72.06351133,75.16060203
2013/9/2,64.0218,148,72.02826814,75.15160377
2013/9/3,22.912,47,74.75429014,75.14838349
2013/9/4,,0,74.25257467,75.14838349
2013/9/5,,0,74.36097152,75.14838349
2013/9/6,,0,74.32845423,75.14838349
2013/9/7,,0,74.36097152,75.14838349
2013/9/8,,0,74.39348725,75.14838349
2013/9/9,,0,74.41516358,75.14838349
2013/9/10,,0,74.43683922,75.14838349
2013/9/11,,0,74.45851415,75.14838349
2013/9/12,,0,74.46935138,75.14838349
2013/9/13,,0,74.48018846,75.14838349
2013/9/14,,0,68.55135224,75.14838349
2013/9/15,,0,62.56158427,75.14838349
2013/9/16,,0,56.49693094,75.14838349
2013/9/17,,0,50.33776392,75.14838349
2013/9/18,,0,44.05803156,75.14838349
2013/9/19,,0,55.23647421,75.14838349
2013/9/20,,0,65.618712,75.14838349
2013/9/21,,0,74.20921113,75.14838349
2013/9/22,,0,74.23089322,75.14838349
2013/9/23,,0,74.22005226,75.14838349
2013/9/24,17.5281,364,71.34948509,75.14591991
2013/9/25,33.632,427,72.22407376,75.14119293
2013/9/26,63.6295,343,74.41963537,75.13224981
2013/9/27,31.1568,74,72.02632947,75.12787072
2013/9/28,54.6208,133,73.34344148,75.12019377
2013/9/29,68.3335,182,74.35557799,75.11058949
2013/9/30,68.3054,166,74.24631295,75.10098917
2013/10/1,67.0142,183,73.6803536,75.09157032
2013/10/2,66.6868,157,73.51472231,75.08219749
2013/10/3,66.5446,181,72.25592441,75.07284465
2013/10/4,66.0309,165,72.36572883,75.06356401
2013/10/5,68.074,180,73.20135589,75.05399621
2013/10/6,67.1126,123,72.43979206,75.04456353
2013/10/7,66.6345,130,72.64882109,75.03519805
2013/10/8,66.7299,123,72.34147297,75.02581916
2013/10/9,66.3715,138,72.05496866,75.01649065
2013/10/10,66.4355,130,71.90311156,75.00715314
2013/10/11,66.5798,152,71.89886999,74.99779535
2013/10/12,66.7308,134,71.90608376,74.98841633
2013/10/13,66.4768,145,71.88672439,74.97907302
2013/10/14,66.2607,109,71.88255462,74.96976008
2013/10/15,66.0879,124,71.87291166,74.96047142
2013/10/16,65.9702,128,71.827242,74.95119931
2013/10/17,66.1435,126,71.64557716,74.94190284
2013/10/18,66.0979,128,71.87408338,74.93261278
2013/10/19,38.3046,216,69.79997347,74.92722907
2013/10/20,38.1613,299,72.41704968,74.9218655
2013/10/21,39.0526,189,72.70481121,74.91637666
2013/10/22,49.6416,85,73.58838544,74.90939953
2013/10/23,53.6483,94,73.79111723,74.90185926
2013/10/24,53.0689,96,72.93403427,74.89440043
2013/10/25,53.3681,100,72.5230357,74.88689954
2013/10/26,53.4187,117,72.51710449,74.87939155
2013/10/27,54.1044,109,72.5287805,74.87178717
2013/10/28,54.3614,97,72.40354432,74.86414668
2013/10/29,54.222,100,72.39014365,74.85652577
2013/10/30,54.3346,108,72.16537123,74.84888905
2013/10/31,52.8667,83,72.65804531,74.84145863
2013/11/1,51.3144,82,70.42123555,74.83424639
2013/11/2,63.0751,183,71.63399637,74.82538119
2013/11/3,64.9909,176,70.95783646,74.81624672
2013/11/4,64.3945,135,70.59066132,74.80719607
2013/11/5,66.626,161,69.61797283,74.79783179
2013/11/6,68.0613,174,71.10951867,74.78826577
2013/11/7,67.3194,206,72.17771027,74.77880403
2013/11/8,67.2689,196,70.98204032,74.76934938
2013/11/9,67.3462,195,72.12781863,74.75988388
2013/11/10,67.4985,192,72.33704804,74.75039696
2013/11/11,67.4334,192,72.27621576,74.7409192
2013/11/12,67.4455,191,72.02287809,74.73143973
2013/11/13,67.3303,175,71.563104,74.72197646
2013/11/14,67.371,166,71.28116997,74.71250746
2013/11/15,67.3305,153,72.1896484,74.70304416
2013/11/16,67.2664,147,71.84223038,74.69358987
2013/11/17,39.6035,69,72.76485941,74.6880236
2013/11/18,30.4894,60,71.38282034,74.68373831
2013/11/19,65.1598,123,72.37106831,74.6745801
2013/11/20,64.9847,136,72.23395939,74.6654465
2013/11/21,66.8009,157,72.19054639,74.65605764
2013/11/22,67.7937,163,72.2025282,74.64652923
2013/11/23,67.9382,153,72.23047749,74.63698052
2013/11/24,68.2144,144,72.16822994,74.62739298
2013/11/25,68.6359,162,71.97527534,74.61774621
2013/11/26,68.7153,155,72.86499933,74.60808827
2013/11/27,34.4995,35,68.63593566,74.60323937
2013/11/28,35.8461,42,68.88566759,74.5982012
2013/11/29,36.1924,32,69.07127743,74.59311436
2013/11/30,59.7981,135,71.2756758,74.58470973
2013/12/1,67.3562,165,72.28825142,74.57524282
2013/12/2,67.394,168,72.30336698,74.56577059
2013/12/3,67.5987,168,72.31716451,74.5562696
2013/12/4,67.6566,168,72.30285658,74.54676046
2013/12/5,67.653,159,72.28120023,74.53725183
2013/12/6,67.8295,163,72.28110408,74.5277184
2013/12/7,67.8435,162,72.27217078,74.51818299
2013/12/8,67.8387,162,70.63639194,74.50864826
2013/12/9,67.7936,163,68.7063289,74.49911987
2013/12/10,67.6822,161,71.78579569,74.48960714
2013/12/11,67.6115,165,72.21255786,74.48010434
2013/12/12,67.518,163,72.201388,74.47061469
2013/12/13,67.4657,165,72.19514632,74.46113238
2013/12/14,67.5437,165,72.07707557,74.45163912
2013/12/15,67.702,166,72.22338304,74.4421236
2013/12/16,67.5421,162,72.52266542,74.43263056
2013/12/17,67.5821,162,72.73964962,74.42313189
2013/12/18,67.5033,156,71.77496642,74.41364431
2013/12/19,67.4064,157,70.38212746,74.40417034
2013/12/20,67.3663,161,70.05831292,74.394702
2013/12/21,67.3144,154,70.05203393,74.38524096
2013/12/22,67.2915,155,70.04926486,74.37578314
2013/12/23,67.2382,159,70.57446069,74.36633281
2013/12/24,67.1172,162,70.45359191,74.35689949
2013/12/25,66.103,164,69.91739786,74.34760872
2013/12/26,67.3276,164,70.26629478,74.33814582
2013/12/27,67.392,163,69.63601367,74.32867388
2013/12/28,67.3505,163,69.30116999,74.31920776
2013/12/29,67.362,163,69.20680592,74.30974003
2013/12/30,67.2801,159,69.11169942,74.30028382
2013/12/31,67.2309,156,69.05249606,74.29083451
2014/1/1,67.1708,152,69.07711454,74.28139366
2014/1/2,67.1321,148,68.7743463,74.27195824
2014/1/3,67.0395,147,69.56137917,74.26253584
2014/1/4,66.9621,144,69.3498194,74.25312432
2014/1/5,66.8533,144,69.3686011,74.24372808
2014/1/6,66.768,145,70.58187502,74.23434384
2014/1/7,66.7928,147,70.49976195,74.22495611
2014/1/8,66.8211,146,69.75849624,74.21556441
2014/1/9,66.8504,144,69.70881772,74.20616858
2014/1/10,66.8591,147,68.91152904,74.19677154
2014/1/11,66.7782,144,69.05080117,74.18738586
2014/1/12,66.9184,144,70.39782069,74.17798048
2014/1/13,67.0696,144,70.26709665,74.16855385
2014/1/14,66.9925,146,69.21513178,74.15913805
2014/1/15,66.9215,144,69.02556121,74.14973224
2014/1/16,66.8678,144,68.36944245,74.14033397
2014/1/17,66.8137,141,69.99168863,74.1309433
2014/1/18,66.721,141,70.40609036,74.12156566
2014/1/19,66.6446,141,70.39696057,74.11219877
2014/1/20,66.584,142,70.33653618,74.10284038
2014/1/21,66.5208,141,67.15466208,74.09349089
2014/1/22,66.4603,144,70.42817004,74.08414989
2014/1/23,66.3533,144,70.55374289,74.07482393
2014/1/24,66.2573,147,70.14863552,74.06551147
2014/1/25,34.8543,73,67.46255052,74.0606127
2014/1/26,44.4704,62,68.88995594,74.05436238
2014/1/27,66.0772,115,70.32946067,74.04507523
2014/1/28,66.6328,124,70.44873635,74.03570999
2014/1/29,66.4107,124,69.95406501,74.02637597
2014/1/30,66.3033,125,69.48347009,74.01705704
2014/1/31,66.1215,127,70.08991807,74.00776366
2014/2/1,66.1334,126,70.26162617,73.99846862
2014/2/2,66.3295,125,70.3381285,73.989146
2014/2/3,66.1144,123,70.61053513,73.97985363
2014/2/4,65.6577,120,70.33313202,73.97062544
2014/2/5,65.7138,123,70.71227574,73.96138936
2014/2/6,65.6919,124,70.70970272,73.95215636
2014/2/7,65.7031,124,70.7110185,73.94292179
2014/2/8,65.6069,123,70.69972367,73.93370074
2014/2/9,65.6024,125,70.6991957,73.92448033
2014/2/10,65.5695,124,70.6953367,73.91526453
2014/2/11,65.4844,122,70.68536328,73.9060607
2014/2/12,65.3518,123,70.22264734,73.89687551
2014/2/13,65.3788,126,69.82107001,73.88768651
2014/2/14,65.3828,123,70.10913604,73.87849696
2014/2/15,65.3734,126,69.89500348,73.86930873
2014/2/16,65.3472,131,69.81735132,73.86012418
2014/2/17,65.2681,128,69.68019433,73.85095075
2014/2/18,65.228,130,70.88959274,73.84178296
2014/2/19,65.1885,132,71.50224472,73.83262071
2014/2/20,65.1703,132,71.43629571,73.82346103
2014/2/21,65.1918,129,71.07697135,73.81429832
2014/2/22,65.0695,134,71.16920343,73.8051528
2014/2/23,65.0459,127,71.11324736,73.7960106
2014/2/24,64.993,132,71.05388997,73.78687583
2014/2/25,64.9522,132,71.04916107,73.7777468
2014/2/26,65.6908,136,71.3585888,73.76851396
2014/2/27,66.4961,136,71.33634206,73.75916793
2014/2/28,66.3888,140,71.3236535,73.74983699
2014/3/1,66.1789,140,71.20318412,73.74053554
2014/3/2,66.1105,138,71.14194884,73.73124371
2014/3/3,66.0833,136,71.23445974,73.7219557
2014/3/4,66.0289,138,71.25996409,73.71267534
2014/3/5,41.4092,70,71.53632269,73.70685528
2014/3/6,61.6523,120,71.10280363,73.69819005
2014/3/7,65.0517,157,71.16713936,73.68904703
2014/3/8,65.0947,158,71.17212651,73.67989797
2014/3/9,65.0311,157,71.16475125,73.67075785
2014/3/10,64.8462,154,71.14334787,73.66164372
2014/3/11,64.7648,153,71.24040082,73.65254102
2014/3/12,64.71,153,71.23408067,73.64344603
2014/3/13,64.6402,153,71.22603779,73.63436085
2014/3/14,64.6344,152,71.22536983,73.62527649
2014/3/15,64.5188,152,71.21206848,73.61620837
2014/3/16,64.4568,153,71.2049437,73.60714897
2014/3/17,64.3745,147,71.19549602,73.59810113
2014/3/18,64.1527,150,71.17009043,73.58908447
2014/3/19,64.2164,144,71.17737843,73.58005885
2014/3/20,64.2922,150,71.1860596,73.57102259
2014/3/21,64.5362,149,71.21406917,73.56195202
2014/3/22,64.4854,150,71.2082295,73.5528886
2014/3/23,64.4043,144,71.19891563,73.54383658
2014/3/24,64.3736,144,71.19539276,73.53478887
2014/3/25,61.4846,143,75.45140696,73.52614721
2014/3/26,,0,72.21145816,73.52614721
2014/3/27,,0,72.32018787,73.52614721
2014/3/28,,0,72.32018787,73.52614721
2014/3/29,,0,72.42889924,73.52614721
2014/3/30,,0,72.42889924,73.52614721
2014/3/31,,0,72.42889924,73.52614721
2014/4/1,,0,72.53759233,73.52614721
2014/4/2,,0,72.53759233,73.52614721
2014/4/3,,0,72.64626721,73.52614721
2014/4/4,,0,72.64626721,73.52614721
2014/4/5,,0,72.64626721,73.52614721
2014/4/6,,0,72.64626721,73.52614721
2014/4/7,,0,72.75492395,73.52614721
2014/4/8,,0,72.75492395,73.52614721
2014/4/9,,0,72.75492395,73.52614721
2014/4/10,,0,72.75492395,73.52614721
2014/4/11,,0,72.75492395,73.52614721
2014/4/12,,0,72.86356266,73.52614721
2014/4/13,,0,72.86356266,73.52614721
2014/4/14,,0,72.86356266,73.52614721
2014/4/15,,0,72.86356266,73.52614721
2014/4/16,,0,72.86356266,73.52614721
2014/4/17,,0,72.86356266,73.52614721
2014/4/18,,0,72.86356266,73.52614721
2014/4/19,,0,72.97218336,73.52614721
2014/4/20,,0,72.97218336,73.52614721
2014/4/21,,0,72.97218336,73.52614721
2014/4/22,,0,72.97218336,73.52614721
2014/4/23,,0,72.97218336,73.52614721
2014/4/24,,0,72.97218336,73.52614721
2014/4/25,,0,72.97218336,73.52614721
2014/4/26,,0,72.97218336,73.52614721
2014/4/27,,0,72.97218336,73.52614721
2014/4/28,,0,73.0807862,73.52614721
2014/4/29,,0,73.0807862,73.52614721
2014/4/30,,0,73.0807862,73.52614721
2014/5/1,,0,73.0807862,73.52614721
2014/5/2,,0,73.0807862,73.52614721
2014/5/3,,0,73.0807862,73.52614721
2014/5/4,,0,73.0807862,73.52614721
2014/5/5,,0,73.0807862,73.52614721
2014/5/6,,0,73.0807862,73.52614721
2014/5/7,,0,73.0807862,73.52614721
2014/5/8,,0,73.0807862,73.52614721
2014/5/9,,0,73.0807862,73.52614721
2014/5/10,,0,73.0807862,73.52614721
2014/5/11,,0,73.0807862,73.52614721
2014/5/12,,0,73.0807862,73.52614721
2014/5/13,,0,73.0807862,73.52614721
2014/5/14,,0,73.18937115,73.52614721
2014/5/15,,0,73.18937115,73.52614721
2014/5/16,,0,73.18937115,73.52614721
2014/5/17,,0,73.18937115,73.52614721
2014/5/18,,0,73.18937115,73.52614721
2014/5/19,,0,73.29793835,73.52614721
2014/5/20,,0,73.18937115,73.52614721
2014/5/21,,0,73.18937115,73.52614721
2014/5/22,,0,73.18937115,73.52614721
2014/5/23,,0,73.18937115,73.52614721
2014/5/24,,0,73.18937115,73.52614721
2014/5/25,,0,73.18937115,73.52614721
2014/5/26,49.9214,79,72.63689062,73.51913075
2014/5/27,58.5784,84,73.17653952,73.51089756
2014/5/28,58.1084,86,72.93611741,73.50273042
2014/5/29,57.8852,83,72.7637847,73.49459466
2014/5/30,59.0787,74,72.50263009,73.48629115
2014/5/31,58.7702,85,72.33167957,73.478031
2014/6/1,58.4762,90,72.2157212,73.46981217
2014/6/2,58.2538,96,71.86146528,73.46162459
2014/6/3,58.0343,89,71.88155666,73.45346787
2014/6/4,37.2422,60,70.24699427,73.44823348
2014/6/5,14.3517,20,69.14192108,73.44621635
2014/6/6,,0,73.03734719,73.44621635
2014/6/7,,0,73.05906703,73.44621635
2014/6/8,,0,73.0699267,73.44621635
2014/6/9,,0,73.10250457,73.44621635
2014/6/10,,0,73.10250457,73.44621635
2014/6/11,,0,73.1350809,73.44621635
2014/6/12,,0,73.1350809,73.44621635
2014/6/13,56.8824,96,72.45910196,73.43822153
2014/6/14,64.2695,125,72.54583477,73.42918845
2014/6/15,63.834,129,71.90053703,73.42021658
2014/6/16,63.5035,147,71.78866954,73.41129117
2014/6/17,63.4621,145,71.7414022,73.40237157
2014/6/18,63.2721,143,71.69871979,73.39347867
2014/6/19,63.1317,140,71.65099697,73.38460551
2014/6/20,63.3855,167,71.59429772,73.37569668
2014/6/21,63.7671,149,71.5841592,73.36673422
2014/6/22,63.3485,168,71.57947739,73.35783058
2014/6/23,63.2725,166,71.56027039,73.34893763
2014/6/24,63.2472,169,71.54677073,73.34004824
2014/6/25,63.288,165,71.54070606,73.33115311
2014/6/26,63.1587,167,71.51551484,73.32227616
2014/6/27,63.1034,165,71.48799411,73.31340697
2014/6/28,63.0449,172,71.47077392,73.30454601
2014/6/29,63.0234,178,71.43639197,73.29568807
2014/6/30,62.941,178,71.42715657,73.28684172
2014/7/1,62.9579,175,71.41839202,73.27799298
2014/7/2,62.9049,180,71.40179748,73.2691517
2014/7/3,7.875,24,67.85599102,73.26804487
2014/7/4,43.8911,102,70.02124968,73.26187597
2014/7/5,58.1134,125,71.40862178,73.25370814
2014/7/6,57.4444,166,71.3504299,73.24563433
2014/7/7,57.3715,130,71.37506658,73.23757076
2014/7/8,57.2397,150,71.34020315,73.22952572
2014/7/9,57.2921,195,71.3348531,73.22147332
2014/7/10,57.3347,158,71.32850648,73.21341492
2014/7/11,57.3335,168,71.30698403,73.2053567
2014/7/12,57.3443,170,71.28668826,73.19729696
2014/7/13,57.2515,169,71.27720421,73.18925026
2014/7/14,56.9971,176,71.26198204,73.18123932
2014/7/15,56.9511,163,71.23589973,73.17323484
2014/7/16,56.8442,161,71.21434151,73.16524539
2014/7/17,56.7759,190,71.21812122,73.15726554
2014/7/18,53.5198,150,70.96151995,73.14974333
2014/7/19,57.4323,180,71.14589142,73.14167122
2014/7/20,57.8521,180,71.14629355,73.13354011
2014/7/21,57.739,170,71.15602157,73.12542489
2014/7/22,21.6521,80,68.56905255,73.12238169
2014/7/23,,0,72.48324806,73.12238169
2014/7/24,,0,72.7820853,73.12238169
2014/7/25,,0,73.0807862,73.12238169
2014/7/26,,0,72.57019669,73.12238169
2014/7/27,,0,72.61366663,73.12238169
2014/7/28,,0,72.64626721,73.12238169
2014/7/29,,0,72.67886612,73.12238169
2014/7/30,,0,72.70059784,73.12238169
2014/7/31,,0,72.72232881,73.12238169
2014/8/1,,0,72.75492395,73.12238169
2014/8/2,,0,72.76578862,73.12238169
2014/8/3,27.72,80,73.48987066,73.11848564
2014/8/4,59.0375,153,71.48364564,73.11018792
2014/8/5,58.5469,157,71.50711156,73.10195915
2014/8/6,59.5273,190,71.35371469,73.09359259
2014/8/7,62.7594,189,71.34288428,73.08477176
2014/8/8,62.7511,180,71.32063626,73.07595209
2014/8/9,62.611,195,71.28367108,73.06715212
2014/8/10,62.5249,200,71.2527477,73.05836424
2014/8/11,62.4453,204,71.21189307,73.04958755
2014/8/12,62.3776,190,71.19369645,73.04082038
2014/8/13,62.3078,186,71.16460772,73.03206302
2014/8/14,62.2156,204,71.14370416,73.02331862
2014/8/15,62.133,200,71.12387707,73.01458582
2014/8/16,62.0444,200,71.08205971,73.00586548
2014/8/17,61.9581,210,71.05117334,72.99715727
2014/8/18,61.8353,220,71.03760566,72.98846632
2014/8/19,61.8236,225,71.01497366,72.97977702
2014/8/20,61.8674,220,70.97712903,72.97108155
2014/8/21,61.8009,206,70.9484429,72.96239544
2014/8/22,61.726,230,70.9508508,72.95371985
2014/8/23,61.7309,166,70.9300474,72.94504357
2014/8/24,61.6607,194,70.90096404,72.93637716
2014/8/25,61.5431,232,70.90936502,72.92772727
2014/8/26,0.127,5,70.36021129,72.92770942
2014/8/27,,0,72.23320557,72.92770942
2014/8/28,,0,72.30931575,72.92770942
2014/8/29,,0,72.36367464,72.92770942
2014/8/30,57.19,218,69.44995879,72.91967137
2014/8/31,67.5423,237,71.05741103,72.9101783
2014/9/1,67.1006,232,70.98312186,72.90074731
2014/9/2,67.1895,260,70.94063303,72.89130383
2014/9/3,67.1031,264,70.93027876,72.88187249
2014/9/4,67.0255,249,70.88910093,72.87245205
2014/9/5,67.0441,275,70.87006783,72.863029
2014/9/6,67.4438,260,70.88617386,72.85354978
2014/9/7,67.7745,255,70.90483798,72.84402407
2014/9/8,67.5849,280,70.87130539,72.83452501
2014/9/9,67.6115,275,70.84264095,72.82502222
2014/9/10,67.8168,255,70.80372464,72.81549057
2014/9/11,68.9508,270,70.77235246,72.80579953
2014/9/12,69.5625,280,70.74192452,72.79602252
2014/9/13,69.4881,265,70.7220726,72.78625597
2014/9/14,69.399,280,70.70040482,72.77650194
2014/9/15,69.3669,270,70.67520213,72.76675242
2014/9/16,69.29,276,70.65505937,72.75701371
2014/9/17,69.2567,272,70.62971028,72.74727968
2014/9/18,69.3864,277,70.63517628,72.73752742
2014/9/19,67.7576,271,70.18020478,72.72800409
2014/9/20,3.1934,13,65.89452904,72.72755526
2014/9/21,,0,68.80399706,72.72755526
2014/9/22,,0,71.71106316,72.72755526
2014/9/23,,0,71.78723565,72.72755526
2014/9/24,,0,71.87427872,72.72755526
2014/9/25,,0,71.91779575,72.72755526
2014/9/26,52.5481,215,68.78381084,72.72016963
2014/9/27,72.1628,292,70.93309639,72.71002714
2014/9/28,71.531,310,70.74620602,72.69997346
2014/9/29,71.6311,285,70.73782335,72.68990571
2014/9/30,71.4448,296,70.69283122,72.67986414
2014/10/1,71.2357,298,70.64498469,72.66985197
2014/10/2,71.2535,330,70.58368516,72.65983729
2014/10/3,71.2177,315,70.47317073,72.64982764
2014/10/4,71.1331,301,70.49418215,72.63982988
2014/10/5,71.0466,332,70.46198223,72.62984428
2014/10/6,70.9807,325,70.44300673,72.61986795
2014/10/7,70.7874,337,70.39727289,72.60991878
2014/10/8,70.7767,335,70.37471555,72.59997111
2014/10/9,70.611,325,70.34312814,72.59004674
2014/10/10,70.5919,309,70.33010942,72.58012504
2014/10/11,70.5163,307,70.29934415,72.57021398
2014/10/12,70.4209,323,70.28729382,72.56031632
2014/10/13,70.3658,303,70.25913061,72.55042641
2014/10/14,70.2977,335,70.23993678,72.54054607
2014/10/15,70.2048,332,70.21762592,72.53067878
2014/10/16,70.1692,352,70.1919295,72.5208165
2014/10/17,62.4427,262,70.2194257,72.51204018
2014/10/18,60.9605,256,70.18329278,72.50347218
2014/10/19,60.8936,254,70.19734021,72.49491358
2014/10/20,60.7664,277,70.20481067,72.48637287
2014/10/21,60.6282,274.9,70.20042638,72.47785157
2014/10/22,60.5647,338,70.19351239,72.4693392
2014/10/23,60.5171,276,70.18833407,72.46083353
2014/10/24,60.4598,282,70.18210557,72.4523359
2014/10/25,60.4306,269,70.17893366,72.44384238
2014/10/26,60.397,271,70.16459563,72.43535358
2014/10/27,60.3494,253,70.15943034,72.42687147
2014/10/28,60.4272,264,70.1464951,72.41837843
2014/10/29,60.4317,272,70.13629399,72.40988476
2014/10/30,60.3559,278,70.12806397,72.40140173
2014/10/31,60.2891,273,70.12081917,72.3929281
2014/11/1,60.0499,271,70.11632487,72.38448809
2014/11/2,60.0705,259,69.96883712,72.37604518
2014/11/3,60.0134,263,70.14446462,72.3676103
2014/11/4,60.0303,264,70.07143469,72.35917304
2014/11/5,59.9601,274,69.67878742,72.35074564
2014/11/6,59.8589,275,70.11712125,72.34233248
2014/11/7,59.8342,258,70.06098771,72.33392278
2014/11/8,59.8251,280,70.06000826,72.32551436
2014/11/9,59.7732,278,70.04372885,72.31711324
2014/11/10,59.7827,263,70.0126623,72.30871078
2014/11/11,59.7755,274,68.98451505,72.30030933
2014/11/12,59.7183,271,70.00573713,72.29191593
2014/11/13,59.7824,270,70.01263002,72.28351351
2014/11/14,59.7011,256,70.00388873,72.27512252
2014/11/15,59.6343,281,69.99671483,72.26674092
2014/11/16,59.6579,265,69.97785352,72.258356
2014/11/17,59.6371,276,69.96492223,72.24997401
2014/11/18,59.5623,279,69.96759429,72.24160253
2014/11/19,59.5247,269,69.96356351,72.23323633
2014/11/20,59.4648,275,69.95714707,72.22487855
2014/11/21,59.4035,288,69.92918711,72.21652939
2014/11/22,59.4169,282,69.93062082,72.20817834
2014/11/23,59.3857,270,69.91658282,72.19983168
2014/11/24,59.3929,275,69.90665267,72.19148401
2014/11/25,59.4257,281,69.89946245,72.18313173
2014/11/26,59.9513,279,69.95595934,72.17470558
2014/11/27,60.4174,279,69.99575947,72.16621391
2014/11/28,60.4605,283,69.97906465,72.15771619
2014/11/29,60.4339,288,69.96547889,72.1492222
2014/11/30,60.3921,284,69.96093317,72.14073409
2014/12/1,60.3378,281,69.95503249,72.13225361
2014/12/2,60.3216,275,69.94258021,72.12377541
2014/12/3,60.2598,276,69.93587172,72.1153059
2014/12/4,60.2509,290,69.92421259,72.10683763
2014/12/5,60.2165,284,69.92048141,72.09837421
2014/12/6,60.1892,286,69.90682751,72.08991461
2014/12/7,60.1421,289,69.90172384,72.08146164
2014/12/8,60.0917,286,69.89626674,72.07301575
2014/12/9,60.0299,295,69.87888541,72.06457855
2014/12/10,58.1902,281,69.67209599,72.05639992
2014/12/11,59.094,295,69.7570116,72.04809426
2014/12/12,58.7813,289,69.72376933,72.03983254
2014/12/13,58.7321,283,69.69713903,72.03157775
2014/12/14,58.7031,289,69.70477427,72.02332703
2014/12/15,58.7101,284,69.70551575,72.01507532
2014/12/16,58.6818,289,69.69181057,72.0068276
2014/12/17,58.5642,292,69.69007856,71.9985964
2014/12/18,58.5476,289,69.66690593,71.99036753
2014/12/19,58.5246,279,69.66447591,71.9821419
2014/12/20,58.4812,291,69.64918298,71.97392237
2014/12/21,58.4616,293,69.64711416,71.96570559
2014/12/22,58.4777,284,69.63810332,71.95748655
2014/12/23,58.4234,286,69.63237332,71.94927514
2014/12/24,58.4111,292,69.62036517,71.94106546
2014/12/25,58.3114,286,69.60985853,71.93286979
2014/12/26,58.2606,293,69.60451159,71.92468126
2014/12/27,58.2141,280,69.58890835,71.91649927
2014/12/28,58.1769,297,69.58499827,71.90832251
2014/12/29,58.1806,294,69.57467395,71.90014523
2014/12/30,58.2434,297,69.58127714,71.89195912
2014/12/31,24.1351,126,67.31038469,71.88856693
2015/1/1,34.336,102,69.13610038,71.883741
2015/1/2,44.3381,176,69.61413725,71.87750928
2015/1/3,42.5974,187,69.67143912,71.87152222
2015/1/4,43.7166,190,69.7481898,71.86537785
2015/1/5,43.7148,195,69.76965397,71.85923374
2015/1/6,43.6305,193,69.79539507,71.85310147
2015/1/7,43.5553,194,69.78945739,71.84697977
2015/1/8,43.5022,198,69.7420528,71.84086554
2015/1/9,43.4724,191,69.76131407,71.83475549
2015/1/10,43.4505,193,69.75958958,71.82864852
2015/1/11,43.4292,199,69.75791313,71.82254455
2015/1/12,43.4248,197,69.76837178,71.81644119
2015/1/13,43.3953,190,69.7552466,71.81034198
2015/1/14,43.3789,204,69.79717703,71.80424508
2015/1/15,43.3291,202,69.76085061,71.79815517
2015/1/16,43.3329,196,69.80436923,71.79206474
2015/1/17,43.2627,198,69.79886357,71.78598416
2015/1/18,43.2283,197,69.80697409,71.77990843
2015/1/19,43.2258,195,69.795973,71.77383304
2015/1/20,43.2044,193,69.79429771,71.76776066
2015/1/21,43.2158,197,69.79519005,71.76168668
2015/1/22,43.2211,194,69.78479944,71.75561195
2015/1/23,43.1836,196,69.749446,71.7495425
2015/1/24,43.1961,194,69.71800486,71.74347129
2015/1/25,43.1599,193,69.75839823,71.73740516
2015/1/26,43.1856,194,69.74960252,71.73133543
2015/1/27,43.1456,199,69.75728003,71.72527131
2015/1/28,43.1151,196,69.77650918,71.71921149
2015/1/29,8.3793,40,68.09390785,71.71803378
2015/1/30,20.3307,78,68.27720402,71.7151763
2015/1/31,45.2742,198,69.85207249,71.70881301
2015/2/1,44.6077,245,69.73307084,71.70254339
2015/2/2,44.7081,244,69.77358591,71.69625967
2015/2/3,44.5641,246,69.7619464,71.68999619
2015/2/4,44.6011,235,69.76493369,71.6837275
2015/2/5,44.5827,234,69.76344782,71.6774614
2015/2/6,44.5944,232,69.81838325,71.67119366
2015/2/7,44.4633,233,69.79701645,71.66494434
2015/2/8,44.3938,229,69.76982677,71.6587048
2015/2/9,44.3259,234,69.77517169,71.65247479
2015/2/10,44.3312,231,69.75399725,71.64624404
2015/2/11,44.2791,235,69.7498162,71.64002061
2015/2/12,42.3917,226,69.70964111,71.63406246
2015/2/13,43.5582,216,69.67083525,71.62794035
2015/2/14,43.5422,230,69.69118283,71.6218205
2015/2/15,43.4854,218,69.67589672,71.61570863
2015/2/16,43.441,212,69.68320406,71.60960299
2015/2/17,43.3846,220,69.68957131,71.60350529
2015/2/18,43.3241,219,69.67400956,71.59741608
2015/2/19,43.2876,217,69.67114358,71.59133201
2015/2/20,43.2918,215,69.69308675,71.58524735
2015/2/21,43.2575,218,69.67958894,71.57916751
2015/2/22,43.2311,216,69.66671177,71.57309138
2015/2/23,43.2285,212,69.67731522,71.56701561
2015/2/24,43.1878,218,69.66331909,71.56094557
2015/2/25,42.9858,220,69.65834364,71.55490391
2015/2/26,42.9519,259,69.66651072,71.54886702
2015/2/27,42.9101,246,69.65244716,71.54283601
2015/2/28,42.9076,225,69.6522526,71.53680535
2015/3/1,42.906,245,69.64131877,71.53077491
2015/3/2,42.8627,236,69.63795051,71.52475055
2015/3/3,42.8409,243,69.63625595,71.51872927
2015/3/4,42.8224,245,69.64562841,71.51271058
2015/3/5,42.8331,247,69.60321944,71.50669039
2015/3/6,42.8055,249,69.63350599,71.50067407
2015/3/7,42.8081,246,69.62289777,71.49465739
2015/3/8,42.7757,248,69.62038239,71.48864527
2015/3/9,42.7349,245,69.6064067,71.48263888
2015/3/10,42.701,250,69.57134514,71.47663725
2015/3/11,9.814,40,68.66614649,71.4752579
2015/3/12,30.6866,163,68.99476283,71.47094489
2015/3/13,42.3438,222.2,69.64108979,71.46499347
2015/3/14,41.9646,236,69.57963753,71.45909535
2015/3/15,42.0318,230,69.60639043,71.45318778
2015/3/16,42.0319,235,69.59558347,71.4472802
2015/3/17,41.9449,233,69.61058239,71.44138484
2015/3/18,41.8924,231,69.60658783,71.43549686
2015/3/19,41.8685,230,69.59395549,71.42961225
2015/3/20,41.8486,232,69.59244332,71.42373042
2015/3/21,41.8526,239,69.59274722,71.41784804
2015/3/22,41.812,234,69.58966393,71.41197136
2015/3/23,41.8158,230,69.58995239,71.40609415
2015/3/24,41.7703,235,69.56486747,71.40022334
2015/3/25,41.7449,240,69.54130786,71.39435609
2015/3/26,41.7129,238,69.56051666,71.38849334
2015/3/27,41.6798,243,69.52555845,71.38263525
2015/3/28,41.6467,237,69.43650671,71.37678181
2015/3/29,41.6233,239,69.5537366,71.37093165
2015/3/30,41.6064,241,69.53082398,71.36508387
2015/3/31,41.5571,245,69.51628202,71.35924302
2015/4/1,34.6693,155,69.67802027,71.35437025
2015/4/2,31.6775,138,69.75762153,71.34991798
2015/4/3,31.0181,168,69.58955477,71.34555838
2015/4/4,31.1196,189,68.85621642,71.34118452
2015/4/5,31.257,174,68.86408861,71.33679135
2015/4/6,31.1102,172,68.85567908,71.33241881
2015/4/7,31.1386,174,68.85730302,71.32804228
2015/4/8,31.0404,172,68.8516939,71.32367956
2015/4/9,30.9167,180,68.8446525,71.31933421
2015/4/10,30.8614,173,68.8415134,71.31499664
2015/4/11,30.8239,175,68.83938779,71.31066434
2015/4/12,30.7632,180,69.65121507,71.30634058
2015/4/13,30.7285,178,69.7361703,71.30202169
2015/4/14,30.6777,181,69.73332289,71.29770994
2015/4/15,30.6777,175,69.59209476,71.29339818
2015/4/16,30.6933,171,69.7559213,71.28908424
2015/4/17,30.5779,182,69.71687907,71.28478652
2015/4/18,30.5303,174,69.75767529,71.28049548
2015/4/19,30.5252,178,69.75739107,71.27620517
2015/4/20,30.5403,174,69.71478087,71.27191273
2015/4/21,30.5665,182,69.78141864,71.26761661
2015/4/22,30.4689,180,69.75425652,71.2633342
2015/4/23,30.431,180,69.69783178,71.25905713
2015/4/24,30.3889,178,69.69549331,71.25478597
2015/4/25,30.3903,180,69.74988973,71.25051461
2015/4/26,30.4459,175,69.75297758,71.24623544
2015/4/27,30.4409,177,69.75269968,71.24195697
2015/4/28,30.4119,171,69.75108868,71.23768258
2015/4/29,30.3744,173,69.75987094,71.23341345
2015/4/30,30.3493,169,69.75847956,71.22914786
2015/5/1,30.3634,169,69.75926104,71.22488028
2015/5/2,30.5032,172,69.74530269,71.22059306
2015/5/3,30.4686,171,69.73251365,71.2163107
2015/5/4,30.4364,171,69.51341774,71.21203286
2015/5/5,30.4566,170,69.51454263,71.20775219
2015/5/6,30.4199,173,69.50163218,71.20347667
2015/5/7,30.398,175,69.73945371,71.19920423
2015/5/8,30.4091,174,69.74006994,71.19493023
2015/5/9,30.4948,173,69.73397188,71.19064419
2015/5/10,30.4618,179,69.73213537,71.18636278
2015/5/11,30.4293,176,69.73032855,71.18208594
2015/5/12,30.4224,174,69.70821779,71.17781008
2015/5/13,30.3743,179,69.71641125,71.17354097
2015/5/14,30.3562,175,69.71540746,71.1692744
2015/5/15,30.3609,173,69.69393976,71.16500718
2015/5/16,13.4068,62,68.53822851,71.16312285
2015/5/17,31.6982,152,69.27001481,71.15866767
2015/5/18,31.2509,175,69.54848102,71.15427536
2015/5/19,31.1626,176,69.68466072,71.14989545
2015/5/20,31.1582,177,69.66268692,71.14551617
2015/5/21,31.0797,171,69.71253542,71.14114792
2015/5/22,31.0879,175,69.57178789,71.13677851
2015/5/23,31.0751,176,69.54933297,71.13241091
2015/5/24,31.0797,166,69.63650134,71.12804266
2015/5/25,31.0431,175,69.71046023,71.12367955
2015/5/26,31.036,176,69.64488518,71.11931744
2015/5/27,31.0539,172,69.70021076,71.11495281
2015/5/28,31.0287,168,69.70964441,71.11059173
2015/5/29,27.1706,148,69.81960513,71.1067729
2015/5/30,29.7212,159,69.74575394,71.10259559
2015/5/31,29.4132,172,69.718246,71.09846156
2015/6/1,29.3557,175,69.71515759,71.09433562
2015/6/2,29.4557,172,69.69879786,71.09019562
2015/6/3,29.4037,176,69.64165941,71.08606293
2015/6/4,29.3973,179,69.55436003,71.08193114
2015/6/5,29.4545,176,69.66612998,71.07779131
2015/6/6,29.4588,174,69.70983217,71.07365087
2015/6/7,29.4304,173,69.57788144,71.06951443
2015/6/8,29.3764,161,69.68366554,71.06538558
2015/6/9,29.364,168,69.70473541,71.06125847
2015/6/10,29.3408,171,69.71435824,71.05713462
2015/6/11,29.3201,173,69.71324838,71.05301368
2015/6/12,29.2925,169,69.71176973,71.04889662
2015/6/13,29.3058,172,69.66900954,71.04477769
2015/6/14,29.2425,171,69.68735798,71.04066765
2015/6/15,29.2584,172,69.65560248,71.03655539
2015/6/16,29.2891,175,69.66811482,71.0324388
2015/6/17,29.2149,171,69.6967513,71.02833265
2015/6/18,1.6757,2,70.36372509,71.02809713
2015/6/19,20.8277,105,69.33261178,71.0251698
2015/6/20,31.1741,173,69.77220111,71.02078828
2015/6/21,30.8307,180,69.66587535,71.01645502
2015/6/22,30.7746,196,69.69530845,71.01212965
2015/6/23,30.6654,181,69.68918239,71.00781963
2015/6/24,30.8111,185,69.66477206,71.00348913
2015/6/25,30.7968,184,69.66396752,70.99916064
2015/6/26,30.7824,191,69.66315773,70.99483417
2015/6/27,30.7811,185,69.67394788,70.99050789
2015/6/28,30.7778,186,69.67376238,70.98618207
2015/6/29,30.7678,190,69.66233706,70.98185765
2015/6/30,30.8908,188,69.64753665,70.97751595
2015/7/1,30.8894,188,69.64745766,70.97317445
2015/7/2,30.4509,179,69.62288632,70.96889457
2015/7/3,10.5918,60,68.86721133,70.9674059
2015/7/4,24.6268,125,69.32867074,70.9639446
2015/7/5,30.7454,204,69.63935136,70.95962333
2015/7/6,30.6454,195,69.63374343,70.95531612
2015/7/7,30.6176,193,69.63218754,70.95101282
2015/7/8,30.5013,191,69.62569331,70.94672586
2015/7/9,30.4194,196,69.62113423,70.94245041
2015/7/10,30.4033,192,69.62023939,70.93817723
2015/7/11,30.3379,194,69.61660913,70.93391324
2015/7/12,30.2072,189,69.60937669,70.92966762
2015/7/13,30.185,191,69.60815122,70.92542512
2015/7/14,30.1615,190,69.60685492,70.92118592
2015/7/15,30.2039,181,69.60919447,70.91694076
2015/7/16,30.1832,186,69.60805189,70.91269851
2015/7/17,30.1557,185,69.60653513,70.90846013
2015/7/18,30.1231,187,69.60473881,70.90422632
2015/7/19,30.0936,194,69.60311492,70.89999667
2015/7/20,30.0708,188,69.60186089,70.89577022
2015/7/21,30.0271,189,69.59945988,70.89154991
2015/7/22,30.061,190,69.60132215,70.88732484
2015/7/23,30.0741,188,69.60204233,70.88309792
2015/7/24,30.0634,189,69.60145407,70.87887251
2015/7/25,30.031,190,69.59967403,70.87465165
2015/7/26,29.7598,188,69.58484681,70.87046891
2015/7/27,29.6697,187,69.57994945,70.86629884
2015/7/28,5.0087,32,68.7819667,70.86559486
2015/7/29,20.812,125,69.1684915,70.86266974
2015/7/30,31.2177,218,69.66607514,70.85828209
2015/7/31,30.921,210,69.64924142,70.85393614
2015/8/1,30.8526,200,69.64538258,70.84959981
2015/8/2,30.8971,205,69.64789215,70.84525722
2015/8/3,30.8697,213,69.64634652,70.84091849
2015/8/4,30.7749,206,69.64100906,70.83659307
2015/8/5,30.6742,208,69.63535671,70.83228181
2015/8/6,5.8304,103,68.79095486,70.83146235
2015/8/7,,0,71.09045696,70.83146235
2015/8/8,,0,71.09045696,70.83146235
2015/8/9,,0,71.09045696,70.83146235
2015/8/10,,0,71.09045696,70.83146235
2015/8/11,,0,71.09045696,70.83146235
2015/8/12,,0,71.09045696,70.83146235
2015/8/13,,0,71.09045696,70.83146235
2015/8/14,,0,71.09045696,70.83146235
2015/8/15,,0,71.09045696,70.83146235
2015/8/16,,0,71.09045696,70.83146235
2015/8/17,,0,71.09045696,70.83146235
2015/8/18,,0,71.09045696,70.83146235
2015/8/19,,0,71.09045696,70.83146235
2015/8/20,,0,71.09045696,70.83146235
2015/8/21,,0,71.09045696,70.83146235
2015/8/22,,0,71.09045696,70.83146235
2015/8/23,,0,71.09045696,70.83146235
2015/8/24,,0,71.09045696,70.83146235
2015/8/25,,0,71.09045696,70.83146235
2015/8/26,,0,71.09045696,70.83146235
2015/8/27,,0,71.09045696,70.83146235
2015/8/28,,0,71.09045696,70.83146235
2015/8/29,,0,71.09045696,70.83146235
2015/8/30,,0,71.09045696,70.83146235
2015/8/31,,0,71.09045696,70.83146235
2015/9/1,,0,71.09045696,70.83146235
2015/9/2,,0,71.09045696,70.83146235
2015/9/3,,0,71.09045696,70.83146235
2015/9/4,,0,71.09045696,70.83146235
2015/9/5,,0,71.09045696,70.83146235
2015/9/6,,0,71.09045696,70.83146235
2015/9/7,,0,71.09045696,70.83146235
2015/9/8,,0,71.09045696,70.83146235
2015/9/9,,0,71.09045696,70.83146235
2015/9/10,,0,71.09045696,70.83146235
2015/9/11,,0,71.09045696,70.83146235
2015/9/12,,0,71.09045696,70.83146235
2015/9/13,,0,71.09045696,70.83146235
2015/9/14,,0,71.09045696,70.83146235
2015/9/15,,0,71.09045696,70.83146235
2015/9/16,,0,71.09045696,70.83146235
2015/9/17,,0,71.09045696,70.83146235
2015/9/18,,0,71.09045696,70.83146235
2015/9/19,,0,71.09045696,70.83146235
2015/9/20,,0,71.09045696,70.83146235
2015/9/21,,0,71.09045696,70.83146235
2015/9/22,,0,71.09045696,70.83146235
2015/9/23,,0,71.09045696,70.83146235
2015/9/24,,0,71.09045696,70.83146235
2015/9/25,,0,71.09045696,70.83146235
2015/9/26,,0,71.09045696,70.83146235
2015/9/27,,0,71.09045696,70.83146235
2015/9/28,,0,71.09045696,70.83146235
2015/9/29,,0,71.09045696,70.83146235
2015/9/30,,0,71.09045696,70.83146235
2015/10/1,,0,71.09045696,70.83146235
2015/10/2,,0,71.09045696,70.83146235
2015/10/3,,0,71.09045696,70.83146235
2015/10/4,,0,71.09045696,70.83146235
2015/10/5,,0,71.09045696,70.83146235
2015/10/6,,0,71.09045696,70.83146235
2015/10/7,,0,71.09045696,70.83146235
2015/10/8,,0,71.09045696,70.83146235
2015/10/9,,0,71.09045696,70.83146235
2015/10/10,,0,71.09045696,70.83146235
2015/10/11,,0,71.09045696,70.83146235
2015/10/12,,0,71.09045696,70.83146235
2015/10/13,,0,71.09045696,70.83146235
2015/10/14,,0,71.09045696,70.83146235
2015/10/15,,0,71.09045696,70.83146235
2015/10/16,,0,71.09045696,70.83146235
2015/10/17,,0,71.09045696,70.83146235
2015/10/18,,0,71.09045696,70.83146235
2015/10/19,,0,71.09045696,70.83146235
2015/10/20,,0,71.09045696,70.83146235
2015/10/21,,0,71.09045696,70.83146235
2015/10/22,,0,71.09045696,70.83146235
2015/10/23,,0,71.09045696,70.83146235
2015/10/24,,0,71.09045696,70.83146235
2015/10/25,,0,71.09045696,70.83146235
2015/10/26,,0,71.09045696,70.83146235
2015/10/27,,0,71.09045696,70.83146235
2015/10/28,,0,71.09045696,70.83146235
2015/10/29,,0,71.09045696,70.83146235
2015/10/30,,0,71.09045696,70.83146235
2015/10/31,,0,71.09045696,70.83146235
2015/11/1,,0,71.09045696,70.83146235
2015/11/2,,0,71.09045696,70.83146235
2015/11/3,,0,71.09045696,70.83146235
2015/11/4,,0,71.09045696,70.83146235
2015/11/5,,0,71.09045696,70.83146235
2015/11/6,,0,71.09045696,70.83146235
2015/11/7,,0,71.09045696,70.83146235
2015/11/8,,0,71.09045696,70.83146235
2015/11/9,,0,71.09045696,70.83146235
2015/11/10,,0,71.09045696,70.83146235
2015/11/11,,0,71.09045696,70.83146235
2015/11/12,,0,71.09045696,70.83146235
2015/11/13,,0,71.09045696,70.83146235
2015/11/14,,0,71.09045696,70.83146235
2015/11/15,,0,71.09045696,70.83146235
2015/11/16,,0,71.09045696,70.83146235
2015/11/17,,0,71.09045696,70.83146235
2015/11/18,,0,71.09045696,70.83146235
2015/11/19,,0,71.09045696,70.83146235
2015/11/20,,0,71.09045696,70.83146235
2015/11/21,,0,71.09045696,70.83146235
2015/11/22,,0,71.09045696,70.83146235
2015/11/23,,0,71.09045696,70.83146235
2015/11/24,,0,71.09045696,70.83146235
2015/11/25,,0,71.09045696,70.83146235
2015/11/26,,0,71.09045696,70.83146235
2015/11/27,,0,71.09045696,70.83146235
2015/11/28,,0,71.09045696,70.83146235
2015/11/29,,0,71.09045696,70.83146235
2015/11/30,,0,71.09045696,70.83146235
2015/12/1,,0,71.09045696,70.83146235
2015/12/2,,0,71.09045696,70.83146235
2015/12/3,,0,71.09045696,70.83146235
2015/12/4,,0,71.09045696,70.83146235
2015/12/5,,0,71.09045696,70.83146235
2015/12/6,,0,71.09045696,70.83146235
2015/12/7,,0,71.09045696,70.83146235
2015/12/8,,0,71.09045696,70.83146235
2015/12/9,,0,71.09045696,70.83146235
2015/12/10,,0,71.09045696,70.83146235
2015/12/11,,0,71.09045696,70.83146235
2015/12/12,,0,71.09045696,70.83146235
2015/12/13,,0,71.09045696,70.83146235
2015/12/14,,0,71.09045696,70.83146235
2015/12/15,,0,71.09045696,70.83146235
2015/12/16,,0,71.09045696,70.83146235
2015/12/17,,0,71.09045696,70.83146235
2015/12/18,,0,71.09045696,70.83146235
2015/12/19,,0,71.09045696,70.83146235
2015/12/20,,0,71.09045696,70.83146235
2015/12/21,,0,71.09045696,70.83146235
2015/12/22,,0,71.09045696,70.83146235
2015/12/23,,0,71.09045696,70.83146235
2015/12/24,,0,71.09045696,70.83146235
2015/12/25,,0,71.09045696,70.83146235
2015/12/26,,0,71.09045696,70.83146235
2015/12/27,,0,71.09045696,70.83146235
2015/12/28,,0,71.09045696,70.83146235
2015/12/29,,0,71.09045696,70.83146235
2015/12/30,,0,71.09045696,70.83146235
2015/12/31,,0,71.09045696,70.83146235
2016/1/1,,0,71.09045696,70.83146235
2016/1/2,,0,71.09045696,70.83146235
2016/1/3,,0,71.09045696,70.83146235
2016/1/4,,0,71.09045696,70.83146235
2016/1/5,,0,71.09045696,70.83146235
2016/1/6,,0,71.09045696,70.83146235
2016/1/7,,0,71.09045696,70.83146235
2016/1/8,,0,71.09045696,70.83146235
2016/1/9,,0,71.09045696,70.83146235
2016/1/10,,0,71.09045696,70.83146235
2016/1/11,,0,71.09045696,70.83146235
2016/1/12,,0,71.09045696,70.83146235
2016/1/13,,0,71.09045696,70.83146235
2016/1/14,,0,71.09045696,70.83146235
2016/1/15,,0,71.09045696,70.83146235
2016/1/16,,0,71.09045696,70.83146235
2016/1/17,,0,71.09045696,70.83146235
2016/1/18,,0,71.09045696,70.83146235
2016/1/19,,0,71.09045696,70.83146235
2016/1/20,,0,71.09045696,70.83146235
2016/1/21,,0,71.09045696,70.83146235
2016/1/22,,0,71.09045696,70.83146235
2016/1/23,,0,71.09045696,70.83146235
2016/1/24,,0,71.09045696,70.83146235
2016/1/25,,0,71.09045696,70.83146235
2016/1/26,,0,71.09045696,70.83146235
2016/1/27,,0,71.09045696,70.83146235
2016/1/28,,0,71.09045696,70.83146235
2016/1/29,,0,71.09045696,70.83146235
2016/1/30,,0,71.09045696,70.83146235
2016/1/31,,0,71.09045696,70.83146235
2016/2/1,,0,71.09045696,70.83146235
2016/2/2,,0,71.09045696,70.83146235
2016/2/3,,0,71.09045696,70.83146235
2016/2/4,,0,71.09045696,70.83146235
2016/2/5,,0,71.09045696,70.83146235
2016/2/6,,0,71.09045696,70.83146235
2016/2/7,,0,71.09045696,70.83146235
2016/2/8,,0,71.09045696,70.83146235
2016/2/9,,0,71.09045696,70.83146235
2016/2/10,,0,71.09045696,70.83146235
2016/2/11,,0,71.09045696,70.83146235
2016/2/12,,0,71.09045696,70.83146235
2016/2/13,,0,71.09045696,70.83146235
2016/2/14,,0,71.09045696,70.83146235
2016/2/15,,0,71.09045696,70.83146235
2016/2/16,,0,71.09045696,70.83146235
2016/2/17,,0,71.09045696,70.83146235
2016/2/18,,0,71.09045696,70.83146235
2016/2/19,,0,71.09045696,70.83146235
2016/2/20,,0,71.09045696,70.83146235
2016/2/21,,0,71.09045696,70.83146235
2016/2/22,,0,71.09045696,70.83146235
2016/2/23,,0,71.09045696,70.83146235
2016/2/24,,0,71.09045696,70.83146235
2016/2/25,,0,71.09045696,70.83146235
2016/2/26,,0,71.09045696,70.83146235
2016/2/27,,0,71.09045696,70.83146235
2016/2/28,,0,71.09045696,70.83146235
2016/2/29,,0,71.09045696,70.83146235
2016/3/1,,0,71.09045696,70.83146235
2016/3/2,,0,71.09045696,70.83146235
2016/3/3,,0,71.09045696,70.83146235
2016/3/4,,0,71.09045696,70.83146235
2016/3/5,,0,71.09045696,70.83146235
2016/3/6,,0,71.09045696,70.83146235
2016/3/7,,0,71.09045696,70.83146235
2016/3/8,,0,71.09045696,70.83146235
2016/3/9,,0,71.09045696,70.83146235
2016/3/10,,0,71.09045696,70.83146235
2016/3/11,,0,71.09045696,70.83146235
2016/3/12,,0,71.09045696,70.83146235
2016/3/13,,0,71.09045696,70.83146235
2016/3/14,,0,71.09045696,70.83146235
2016/3/15,,0,71.09045696,70.83146235
2016/3/16,,0,71.09045696,70.83146235
2016/3/17,,0,71.09045696,70.83146235
2016/3/18,,0,71.09045696,70.83146235
2016/3/19,,0,71.09045696,70.83146235
2016/3/20,,0,71.09045696,70.83146235
2016/3/21,,0,71.09045696,70.83146235
2016/3/22,,0,71.09045696,70.83146235
2016/3/23,,0,71.09045696,70.83146235
2016/3/24,,0,71.09045696,70.83146235
2016/3/25,,0,71.09045696,70.83146235
2016/3/26,,0,71.09045696,70.83146235
2016/3/27,,0,71.09045696,70.83146235
2016/3/28,,0,71.09045696,70.83146235
2016/3/29,,0,71.09045696,70.83146235
2016/3/30,,0,71.09045696,70.83146235
2016/3/31,,0,71.09045696,70.83146235
2016/4/1,,0,71.09045696,70.83146235
2016/4/2,,0,71.09045696,70.83146235
2016/4/3,,0,71.09045696,70.83146235
2016/4/4,,0,71.09045696,70.83146235
2016/4/5,,0,71.09045696,70.83146235
2016/4/6,,0,71.09045696,70.83146235
2016/4/7,,0,71.09045696,70.83146235
2016/4/8,,0,71.09045696,70.83146235
2016/4/9,,0,71.09045696,70.83146235
2016/4/10,,0,71.09045696,70.83146235
2016/4/11,,0,71.09045696,70.83146235
2016/4/12,,0,71.09045696,70.83146235
2016/4/13,,0,71.09045696,70.83146235
2016/4/14,,0,71.09045696,70.83146235
2016/4/15,,0,71.09045696,70.83146235
2016/4/16,,0,71.09045696,70.83146235
2016/4/17,,0,71.09045696,70.83146235
2016/4/18,,0,71.09045696,70.83146235
2016/4/19,,0,71.09045696,70.83146235
2016/4/20,,0,71.09045696,70.83146235
2016/4/21,,0,71.09045696,70.83146235
2016/4/22,,0,71.09045696,70.83146235
2016/4/23,,0,71.09045696,70.83146235
2016/4/24,,0,71.09045696,70.83146235
2016/4/25,,0,71.09045696,70.83146235
2016/4/26,,0,71.09045696,70.83146235
2016/4/27,,0,71.09045696,70.83146235
2016/4/28,,0,71.09045696,70.83146235
2016/4/29,,0,71.09045696,70.83146235
2016/4/30,,0,71.09045696,70.83146235
2016/5/1,,0,71.09045696,70.83146235
2016/5/2,,0,71.09045696,70.83146235
2016/5/3,,0,71.09045696,70.83146235
2016/5/4,,0,71.09045696,70.83146235
2016/5/5,,0,71.09045696,70.83146235
2016/5/6,,0,71.09045696,70.83146235
2016/5/7,,0,71.09045696,70.83146235
2016/5/8,,0,71.09045696,70.83146235
2016/5/9,,0,71.09045696,70.83146235
2016/5/10,,0,71.09045696,70.83146235
2016/5/11,,0,71.09045696,70.83146235
2016/5/12,,0,71.09045696,70.83146235
2016/5/13,,0,71.09045696,70.83146235
2016/5/14,,0,71.61311358,70.83146235
2016/5/15,,0,71.61311358,70.83146235
2016/5/16,,0,71.61311358,70.83146235
2016/5/17,,0,71.61311358,70.83146235
2016/5/18,,0,71.61311358,70.83146235
2016/5/19,,0,71.61311358,70.83146235
2016/5/20,,0,71.61311358,70.83146235
2016/5/21,,0,71.61311358,70.83146235
2016/5/22,,0,71.61311358,70.83146235
2016/5/23,,0,71.61311358,70.83146235
2016/5/24,,0,71.61311358,70.83146235
2016/5/25,,0,71.61311358,70.83146235
2016/5/26,,0,71.61311358,70.83146235
2016/5/27,33.0237,424.5,66.95510487,70.82682087
2016/5/28,42.94,414.3,69.50343274,70.82078565
2016/5/29,44.4672,368.2,69.11670447,70.81453579
2016/5/30,44.898,422,68.80588074,70.80822538
2016/5/31,33.4792,273.2,69.6692398,70.80351987
2016/6/1,30.6148,267.3,69.66462342,70.79921696
2016/6/2,30.4806,231.2,69.66799868,70.79493292
2016/6/3,30.4741,228.4,69.64590767,70.79064978
2016/6/4,30.3761,233,69.64045936,70.78638042
2016/6/5,30.3065,226.9,69.62573463,70.78212084
2016/6/6,30.4228,228.4,69.59959221,70.77784492
2016/6/7,30.5028,232.2,69.58231558,70.77355775
2016/6/8,30.5335,222.6,69.56229672,70.76926626
2016/6/9,30.4922,248.5,69.50565995,70.76498059
2016/6/10,30.539,231.4,69.46480355,70.76068833
2016/6/11,30.5131,227.6,69.45248935,70.75639971
2016/6/12,30.4707,236.2,69.43925559,70.75211706
2016/6/13,30.4421,238.2,69.43766151,70.74783842
2016/6/14,30.4362,232.1,69.42646447,70.74356061
2016/6/15,30.4071,216.2,69.40310665,70.73928689
2016/6/16,30.3304,230.6,69.37710349,70.73502396
2016/6/17,30.1239,217.6,69.43089277,70.73079004
2016/6/18,29.9979,201.9,69.45656774,70.72657384
2016/6/19,29.9926,227.6,69.45627674,70.72235838
2016/6/20,29.9483,209.5,69.44297642,70.71814914
2016/6/21,30.2064,231.4,69.40284014,70.71390363
2016/6/22,30.0268,194,69.40380603,70.70968337
2016/6/23,30.7338,196,69.34530973,70.70536373
2016/6/24,30.6722,226.4,69.33097772,70.70105275
2016/6/25,30.5287,215.8,69.32293581,70.69676194
2016/6/26,30.4148,213.4,69.2839669,70.69248714
2016/6/27,30.3596,228.1,69.30263519,70.6882201
2016/6/28,30.3015,227.2,69.2885355,70.68396123
2016/6/29,30.2871,203,69.29860728,70.67970438
2016/6/30,30.3249,209.2,69.28983523,70.67544221
2016/7/1,30.3378,208.2,69.26880984,70.67117823
2016/7/2,30.3163,213.1,69.27848627,70.66691728
2016/7/3,30.3494,215.3,69.2585835,70.66265167
2016/7/4,30.3642,213.1,69.23766376,70.65838398
2016/7/5,30.3108,216.5,69.2346942,70.6541238
2016/7/6,30.2147,217.8,69.21849026,70.64987712
2016/7/7,30.1956,212.3,69.21743248,70.64563313
2016/7/8,30.076,214.3,69.21082356,70.64140595
2016/7/9,30.1573,223.8,69.20444038,70.63716734
2016/7/10,30.1713,194.4,69.18346848,70.63292676
2016/7/11,30.1355,219.7,69.18148863,70.62869122
2016/7/12,20.45,204.5,69.18009082,70.62581697
2016/7/13,21.35,213.5,69.17046581,70.62281623
2016/7/14,19.94,199.4,69.17398465,70.62001366
2016/7/15,21.21,212.1,69.15670793,70.6170326
2016/7/16,20.87,208.7,69.16517839,70.61409932
2016/7/17,21.84,218.4,69.15335683,70.61102971
2016/7/18,21.1,211,69.15418529,70.6080641
2016/7/19,20.93,209.3,69.15124685,70.60512239
2016/7/20,21.07,210.7,69.13814088,70.602161
2016/7/21,21.75,217.5,69.12804104,70.59910404
2016/7/22,21.13,211.3,69.11643259,70.59613422
2016/7/23,20.49,204.9,69.1033615,70.59325435
2016/7/24,20.62,206.2,69.09232048,70.59035621
2016/7/25,20.98,209.8,69.07854088,70.58740747
2016/7/26,20.51,205.1,69.06384028,70.58452479
2016/7/27,21.97,219.7,69.05304249,70.5814369
2016/7/28,21.13,211.3,69.03169023,70.57846708
2016/7/29,21.76,217.6,69.02706934,70.57540871
2016/7/30,21.37,213.7,69.00512883,70.57240516
2016/7/31,21.35,213.5,68.99768264,70.56940442
2016/8/1,21.72,217.2,68.96852958,70.56635167
2016/8/2,21.81,218.1,68.96590048,70.56328628
2016/8/3,21.77,217.7,68.95146313,70.5602265
2016/8/4,21.62,216.2,68.93949076,70.55718781
2016/8/5,21.72,217.2,68.91667391,70.55413507
2016/8/6,21.82,218.2,68.9027203,70.55106826
2016/8/7,22.18,221.8,68.89147216,70.54795087
2016/8/8,21.47,214.7,68.87719871,70.54493326
2016/8/9,21.72,217.2,68.86346432,70.54188051
2016/8/10,21.92,219.2,68.85391554,70.53879966
2016/8/11,19.99,199.9,64.72594345,70.53599006
2016/8/12,22.45,224.5,68.81187555,70.53283471
2016/8/13,23.47,234.7,68.93096331,70.529536
2016/8/14,23.27,232.7,68.77956048,70.52626541
2016/8/15,22.56,225.6,68.79114269,70.5230946
2016/8/16,23.99,239.9,68.79060058,70.5197228
2016/8/17,23.41,234.1,68.76836143,70.51643253
2016/8/18,21.46,214.6,68.74711259,70.51341633
2016/8/19,23.05,230.5,68.74332677,70.51017665
2016/8/20,21.73,217.3,68.71977559,70.5071225
2016/8/21,22.95,229.5,68.69787867,70.50389687
2016/8/22,23.18,231.8,68.68405467,70.50063892
2016/8/23,23.03,230.3,68.67071957,70.49740206
2016/8/24,23.16,231.6,68.65649619,70.49414692
2016/8/25,23.37,233.7,68.67033116,70.49086227
2016/8/26,23.31,233.1,68.64338434,70.48758605
2016/8/27,23.44,234.4,68.6226515,70.48429155
2016/8/28,23.13,231.3,68.60939781,70.48104063
2016/8/29,23.25,232.5,68.58423645,70.47777285
2016/8/30,23.29,232.9,68.57112612,70.47449944
2016/8/31,23.91,239.1,68.54922437,70.47113889
2016/9/1,22.85,228.5,68.5357438,70.46792732
2016/9/2,22.67,226.7,68.52433831,70.46474105
2016/9/3,24.37,243.7,68.51125474,70.46131585
2016/9/4,23.7,237,68.51166611,70.45798481
2016/9/5,21.84,218.4,68.47736602,70.4549152
2016/9/6,21.14,211.4,68.45763552,70.45194397
2016/9/7,3.45,34.5,67.63428931,70.45145907
2016/9/8,,0,70.71997496,70.45145907
2016/9/9,,0,70.73087466,70.45145907
2016/9/10,,0,70.74177419,70.45145907
2016/9/11,,0,70.77447162,70.45145907
2016/9/12,,0,70.79626892,70.45145907
2016/9/13,,0,70.79626892,70.45145907
2016/9/14,,0,70.8071673,70.45145907
2016/9/15,37.1557,335.8,67.18094526,70.44623684
2016/9/16,31.9139,275.5,68.66296982,70.44175134
2016/9/17,30.7602,258.5,68.59644518,70.437428
2016/9/18,30.5786,257.9,68.5644251,70.43313017
2016/9/19,30.5257,252.4,68.53968326,70.42883979
2016/9/20,30.5038,253.3,68.5275693,70.42455248
2016/9/21,30.3972,253.1,68.51070405,70.42028015
2016/9/22,30.3479,253.1,68.48617649,70.41601475
2016/9/23,30.2935,247.1,68.47225121,70.411757
2016/9/24,2.5496,27.8,67.59132313,70.41139866
2016/9/25,,0,70.74177419,70.41139866
2016/9/26,,0,70.74177419,70.41139866
2016/9/27,0,0,70.7635727,70.41139866
2016/9/28,,0,70.78537036,70.41139866
2016/9/29,,0,70.78537036,70.41139866
2016/9/30,,0,70.79626892,70.41139866
2016/10/1,,0,70.81806549,70.41139866
2016/10/2,,0,70.82896343,70.41139866
2016/10/3,,0,70.8507588,70.41139866
2016/10/4,,0,70.86165621,70.41139866
2016/10/5,,0,70.87255343,70.41139866
2016/10/6,,0,70.87255343,70.41139866
2016/10/7,,0,70.87255343,70.41139866
2016/10/8,26.6008,166.4,68.07095502,70.40765991
2016/10/9,32.3547,344.2,68.52589617,70.40311246
2016/10/10,32.3766,260.2,68.46194493,70.39856193
2016/10/11,32.0774,252,68.41155554,70.39405345
2016/10/12,32.1005,257.6,68.38028513,70.38954173
2016/10/13,32.0829,248.5,68.36836534,70.38503247
2016/10/14,32.0168,261.3,68.23389467,70.38053251
2016/10/15,31.9193,248.7,68.27167147,70.37604625
2016/10/16,31.7528,266.8,68.30542162,70.3715834
2016/10/17,31.8649,269.8,68.30111575,70.36710479
2016/10/18,31.764,259.9,68.28431427,70.36264036
2016/10/19,31.6416,269.6,68.27715676,70.35819313
2016/10/20,31.6746,283.9,68.2464363,70.35374126
2016/10/21,31.6529,277.6,68.22340237,70.34929245
2016/10/22,31.6018,284.8,68.20953621,70.34485082
2016/10/23,31.6114,275.2,68.18832858,70.34040783
2016/10/24,31.58,273.5,68.14295907,70.33596927
2016/10/25,31.5356,256.6,68.12948632,70.33153694
2016/10/26,31.3737,240.3,68.09830741,70.32712736
2016/10/27,31.1409,247.5,68.09574851,70.32275051
2016/10/28,31.0876,251.7,68.06001992,70.31838115
2016/10/29,31.0145,253.3,68.04493514,70.31402206
2016/10/30,31.0032,249.2,67.98984103,70.30966456
2016/10/31,30.8974,252.4,67.86398024,70.30532193
2016/11/1,30.8562,279,67.97053976,70.30098509
2016/11/2,30.8003,282.3,67.95646023,70.29665611
2016/11/3,30.899,284.5,67.94031284,70.29231325
2016/11/4,30.9042,282.7,67.9297192,70.28796967
2016/11/5,30.79,285.4,67.90141545,70.28364214
2016/11/6,30.773,282.4,67.88955449,70.27931699
2016/11/7,30.7179,273.2,67.86463231,70.27499959
2016/11/8,30.6866,284,67.83017255,70.27068659
2016/11/9,30.6427,283.1,67.8276787,70.26637976
2016/11/10,30.587,283.1,67.80273089,70.26208075
2016/11/11,30.5351,278.5,67.78889683,70.25778904
2016/11/12,30.4812,289.8,67.78584915,70.25350491
2016/11/13,30.5752,288.4,67.78027276,70.24920757
2016/11/14,30.7252,283.3,67.76700426,70.24488914
2016/11/15,30.4072,284.5,67.7380898,70.24061541
2016/11/16,30.3921,281.8,67.72634219,70.2363438
2016/11/17,30.3441,270.8,67.70184505,70.23207894
2016/11/18,30.2158,271.9,67.68374059,70.22783211
2016/11/19,30.2237,269.5,67.65148901,70.22358416
2016/11/20,30.2756,280.4,67.64350415,70.21932893
2016/11/21,30.2649,293.4,67.63200454,70.2150752
2016/11/22,30.2809,297.8,67.62200489,70.21081922
2016/11/23,30.2982,292.4,67.59028076,70.2065608
2016/11/24,30.1667,297.2,67.58289918,70.20232087
2016/11/25,30.204,308.3,67.55229004,70.1980757
2016/11/26,30.1842,303.9,67.54027926,70.19383331
2016/11/27,30.1963,319.2,67.51915656,70.18958922
2016/11/28,30.1015,305.2,67.51384648,70.18535846
2016/11/29,30.0481,310.3,67.48905901,70.1811352
2016/11/30,29.9735,317.7,67.48489807,70.17692242
2016/12/1,29.945,311.7,67.47240859,70.17271365
2016/12/2,29.9735,316.6,67.45219047,70.16850088
2016/12/3,29.9876,312.9,67.43117049,70.16428612
2016/12/4,29.9923,319.6,67.42052939,70.1600707
2016/12/5,29.9767,313.3,67.41965956,70.15585748
2016/12/6,29.9814,313.2,67.40901815,70.15164359
2016/12/7,29.9948,314,67.38795816,70.14742782
2016/12/8,30.0043,312.7,67.36668032,70.14321072
2016/12/9,29.9795,313.5,67.36529658,70.1389971
2016/12/10,30,321.5,67.34463158,70.1347806
2016/12/11,29.9715,315.3,67.33213664,70.1305681
2016/12/12,29.9216,313.3,67.23120204,70.12636262
2016/12/13,29.8617,313.7,67.15151275,70.12216556
2016/12/14,29.818,312.3,67.30178483,70.11797464
2016/12/15,30.5707,300.9,67.33317081,70.11367793
2016/12/16,30.3072,311.3,66.03027829,70.10941825
2016/12/17,30.2904,312.3,67.29549493,70.10516094
2016/12/18,30.2268,311.5,67.28100879,70.10091256
2016/12/19,30.3498,314.7,67.27703807,70.0966469
2016/12/20,30.3994,307.6,67.26893773,70.09237426
2016/12/21,30.1056,313.7,67.23058031,70.08814292
2016/12/22,30.1354,313.2,67.2213457,70.08390739
2016/12/23,30.1328,311.7,67.21029354,70.07967222
2016/12/24,29.9814,313.7,67.20181735,70.07545834
2016/12/25,30.0066,279.4,67.18141102,70.07124091
2016/12/26,29.9409,297.6,67.1450181,70.06703272
2016/12/27,29.7697,312.3,67.15730886,70.06284858
2016/12/28,29.8428,312.7,67.1504612,70.05865418
2016/12/29,29.7368,307.1,67.1336663,70.05447467
2016/12/30,29.4746,302.9,67.13010307,70.05033202
2016/12/31,29.2705,307.1,67.15165589,70.04621805
2017/1/1,29.0454,305.8,67.17214971,70.04213572
2017/1/2,28.945,316.1,67.13398495,70.0380675
2017/1/3,28.827,313.9,67.16036338,70.03401586
2017/1/4,29.9525,318,67.05839407,70.02980604
2017/1/5,30.4445,324.6,67.00973949,70.02552706
2017/1/6,30.4327,321.9,66.99816089,70.02124975
2017/1/7,30.333,327.1,66.99251061,70.01698644
2017/1/8,30.331,327.3,67.00330669,70.01272342
2017/1/9,30.2763,331.8,66.97839551,70.00846809
2017/1/10,30.2305,329.8,66.97581031,70.00421919
2017/1/11,30.2078,319.6,66.95270973,69.99997349
2017/1/12,30.1725,327.3,66.95072086,69.99573274
2017/1/13,30.0849,335.3,66.94579497,69.99150431
2017/1/14,30.0803,334.5,66.93462542,69.98727652
2017/1/15,30.0563,331.7,66.93327835,69.98305211
2017/1/16,29.8686,335.5,66.93369103,69.97885408
2017/1/17,29.7413,331.8,71.2771157,69.97467394
2017/1/18,29.776,332.5,66.91762218,69.97048892
2017/1/19,29.7582,327.3,66.91663272,69.96630641
2017/1/20,29.7408,336.4,66.90475294,69.96212634
2017/1/21,29.7327,338.7,66.89338975,69.95794741
2017/1/22,29.7026,337.4,66.89171894,69.9537727
2017/1/23,29.6646,339.1,66.8786981,69.94960335
2017/1/24,29.6755,338.3,66.86838828,69.94543245
2017/1/25,29.6721,339.5,66.86819978,69.94126204
2017/1/26,29.7121,337.5,66.85950468,69.937086
2017/1/27,29.981,334.5,66.86358423,69.93287217
2017/1/28,29.5649,334.2,66.82952258,69.92871683
2017/1/29,29.6374,331.5,66.83353354,69.92455129
2017/1/30,29.5044,336.8,66.81526714,69.92040445
2017/1/31,29.3824,335.9,66.78671874,69.91627475
2017/2/1,29.4579,334.7,66.73628832,69.91213444
2017/2/2,29.4842,336.7,66.71590356,69.90799044
2017/2/3,29.4703,337.3,66.74788886,69.90384839
2017/2/4,29.4576,338.7,66.74718895,69.89970812
2017/2/5,29.6273,335.7,66.7456489,69.89554401
2017/2/6,29.9747,336.1,66.76500672,69.89133106
2017/2/7,29.6434,335.8,66.72470815,69.88716468
2017/2/8,29.7234,334.5,66.71823336,69.88298706
2017/2/9,29.5871,332.5,66.68883736,69.87882859
2017/2/10,29.5864,304.2,66.68879861,69.87467022
2017/2/11,29.5545,329,66.67611567,69.87051634
2017/2/12,29.5242,324.6,66.66352248,69.86636671
2017/2/13,29.5078,334.2,66.66261649,69.86221939
2017/2/14,29.4687,335.6,66.63862094,69.85807756
2017/2/15,29.7509,335.6,66.65426109,69.85389608
2017/2/16,29.468,347.7,66.62766328,69.84975435
2017/2/17,29.4936,337.2,66.63999519,69.84560902
2017/2/18,29.4377,336.2,66.61507301,69.84147155
2017/2/19,29.4195,338.7,66.61407008,69.83733664
2017/2/20,29.3478,339.3,66.59920478,69.83321181
2017/2/21,29.3561,341.4,66.57782054,69.82908581
2017/2/22,29.3579,344.9,66.55607825,69.82495956
2017/2/23,29.3658,342.2,66.55651283,69.82083219
2017/2/24,29.3556,358.2,66.53410967,69.81670626
2017/2/25,29.3717,349.9,66.5240743,69.81257807
2017/2/26,29.3019,348.7,66.50931493,69.80845969
2017/2/27,29.4402,351.6,66.51692782,69.80432187
2017/2/28,29.1622,356.3,66.50165997,69.80022312
2017/3/1,29.2338,357.7,66.50557895,69.79611431
2017/3/2,29.2306,349.5,66.49448128,69.79200595
2017/3/3,29.2092,352.7,66.4823864,69.7879006
2017/3/4,29.1703,355.6,66.46933442,69.78380071
2017/3/5,29.1156,355.2,66.46634508,69.77970851
2017/3/6,29.13,358,66.4562081,69.77561429
2017/3/7,29.14,355,66.44583096,69.77151867
2017/3/8,29.18,355,66.41524735,69.76741742
2017/3/9,29.51,358,66.44433235,69.76326979
2017/3/10,0,0,65.60221732,69.76326979
2017/3/11,29.28,358,66.42073046,69.75915448
2017/3/12,29.07,357,66.3983121,69.75506869
2017/3/13,29.1,359,66.37809969,69.75097869
2017/3/14,29.14,358,66.36936068,69.74688306
2017/3/15,29.05,359,66.36444604,69.74280008
2017/3/16,29.05,364,66.36444604,69.73871711
2017/3/17,29.02,363,66.35188538,69.73463835
2017/3/18,29.17,365,66.37100213,69.7305385
2017/3/19,29.24,363,66.37483852,69.72642882
2017/3/20,28.8,365,66.32901726,69.72238098
2017/3/21,28.84,358,66.32025512,69.71832752
2017/3/22,28.73,360,66.29245272,69.71428952
2017/3/23,19.24,257,65.8838676,69.71158534
2017/3/24,29.31,356,66.22572614,69.70746581
2017/3/25,29.12,369,66.24807926,69.703373
2017/3/26,29.03,365,66.24316304,69.69929283
2017/3/27,29.01,366,66.22021653,69.69521548
2017/3/28,28.95,370,66.20602016,69.69114655
2017/3/29,28.94,378,66.18361827,69.68707904
2017/3/30,28.94,387,66.20547612,69.68301152
2017/3/31,29.3,382,66.22517559,69.67889341
2017/4/1,29.16,370,66.19563118,69.67479497
2017/4/2,28.86,375,66.17927164,69.67073869
2017/4/3,28.92,380,66.16067168,69.66667399
2017/4/4,28.88,381,66.14756806,69.6626149
2017/4/5,28.85,382,66.14593953,69.65856004
2017/4/6,28.74,379,66.1290514,69.65452063
2017/4/7,28.81,383,66.13284024,69.65047138
2017/4/8,28.52,381,66.11720129,69.6464629
2017/4/9,28.73,383,66.09571717,69.6424249
2017/4/10,28.62,384,66.10071352,69.63840236
2017/4/11,28.64,382,66.06899478,69.634377
2017/4/12,28.76,401,66.06454471,69.63033479
2017/4/13,28.82,384,66.07872727,69.62628413
2017/4/14,28.54,392,66.06361319,69.62227284
2017/4/15,28.39,398,66.05557471,69.61828262
2017/4/16,28.57,400,66.05429297,69.61426711
2017/4/17,28.45,400,66.02598447,69.61026846
2017/4/18,28.44,398,66.13477815,69.60627122
2017/4/19,28.49,401,66.01719521,69.60226695
2017/4/20,28.53,395,65.99747505,69.59825706
2017/4/21,28.61,397,65.99084598,69.59423592
2017/4/22,28.58,401,65.98923019,69.590219
2017/4/23,28.48,400,65.9619866,69.58621614
2017/4/24,28.58,401,65.9673617,69.58219922
2017/4/25,28.64,401,65.94872676,69.57817387
2017/4/26,28.57,401,65.944954,69.57415836
2017/4/27,28.5,400,65.90838352,69.57015268
2017/4/28,28.45,401,65.90569973,69.56615403
2017/4/29,28.38,401,65.90195005,69.56216522
2017/4/30,28.34,400,65.89981136,69.55818204
2017/5/1,28.29,401.1,65.89714208,69.55420588
2017/5/2,28.14,401.7,65.88916143,69.5502508
2017/5/3,28.34,401.9,65.86700066,69.54626761
2017/5/4,28.27,402.1,65.85179312,69.54229427
2017/5/5,28.21,428.9,65.84913012,69.53832935
2017/5/6,28.34,430.7,65.83418812,69.53434616
2017/5/7,28.4,421.2,65.82646138,69.53035454
2017/5/8,28.34,430.8,65.8013738,69.52637136
2017/5/9,28.36,430.9,65.80244366,69.52238536
2017/5/10,28.27,429.4,65.79763503,69.51841201
2017/5/11,28.27,430.3,65.78669617,69.51443866
2017/5/12,28.26,429.9,65.77522363,69.51046672
2017/5/13,28.22,430.7,65.78403081,69.5065004
2017/5/14,28.13,427.9,65.76830485,69.50254673
2017/5/15,28.07,429.1,65.76512192,69.49860149
2017/5/16,28.08,430.5,65.75471178,69.49465484
2017/5/17,28.04,428,65.75259254,69.49071382
2017/5/18,27.92,426.5,65.73531111,69.48678967
2017/5/19,27.86,425,65.71026702,69.48287394
2017/5/20,27.8,421.4,65.7289964,69.47896665
2017/5/21,27.83,413.5,65.69774667,69.47505515
2017/5/22,27.77,414.1,65.70553747,69.47115207
2017/5/23,27.78,417.7,65.69511982,69.46724759
2017/5/24,27.77,406.7,65.68365231,69.46334452
2017/5/25,27.75,412.8,65.67166014,69.45944426
2017/5/26,27.76,413.6,65.66124157,69.45554259
2017/5/27,27.75,408.7,65.66071696,69.45164233
2017/5/28,27.73,405.3,65.67061157,69.44774488
2017/5/29,27.73,407.8,65.64872483,69.44384742
2017/5/30,27.68,402.3,65.62421805,69.439957
2017/5/31,27.65,403.2,65.64453705,69.43607079
2017/6/1,27.6,408.9,65.62003678,69.43219161
2017/6/2,27.54,412.1,65.62785323,69.42832087
2017/6/3,27.57,405.2,65.61847178,69.4244459
2017/6/4,27.62,403.9,65.59919157,69.42056391
2017/6/5,27.67,400.2,65.59086102,69.41667489
2017/6/6,27.65,401.1,65.57886961,69.41278868
2017/6/7,27.65,398.8,65.56792431,69.40890248
2017/6/8,27.72,400.1,65.56064519,69.40500643
2017/6/9,27.77,397.1,65.54137901,69.40110336
2017/6/10,28.07,398.3,65.55722304,69.39715812
2017/6/11,27.69,394.1,65.53718155,69.39326629
2017/6/12,28.11,392.7,65.55934794,69.38931543
2017/6/13,27.9,395.1,65.53727975,69.38539408
2017/6/14,28.17,392.7,65.54065336,69.38143479
2017/6/15,28.57,389.7,65.54022566,69.37741928
2017/6/16,28.45,390.2,65.53375695,69.37342063
2017/6/17,28.14,391.5,65.51716737,69.36946555
2017/6/18,28.03,394.4,65.51132275,69.36552594
2017/6/19,28.24,396.6,65.50061142,69.3615568
2017/6/20,28.11,398,65.48273648,69.35760594
2017/6/21,27.96,407.6,65.46383196,69.35367617
2017/6/22,27.67,402.4,65.43761259,69.34978715
2017/6/23,27.64,407.3,65.43604135,69.34590235
2017/6/24,27.61,408.4,65.42352361,69.34202176
2017/6/25,27.61,409.2,65.41257526,69.33814117
2017/6/26,27.6,408.3,65.40110374,69.33426199
2017/6/27,27.58,408.9,65.40005832,69.33038563
2017/6/28,27.55,410.7,65.39849157,69.32651347
2017/6/29,27.55,413.5,65.38754252,69.32264132
2017/6/30,27.51,413.5,65.38545587,69.31877479
2017/7/1,27.51,415.1,65.37450643,69.31490826
2017/7/2,27.52,417.6,65.36407827,69.31104032
2017/7/3,27.47,414.3,65.36147267,69.30717941
2017/7/4,27.45,415.4,65.36043171,69.30332132
2017/7/5,27.43,415.3,65.33749079,69.29946603
2017/7/6,27.43,416.1,65.32654014,69.29561074
2017/7/7,27.38,410.7,65.30203963,69.29176249
2017/7/8,27.29,416.6,65.29737365,69.28792688
2017/7/9,27.32,417.2,65.29892734,69.28408705
2017/7/10,27.28,416,65.29685612,69.28025285
2017/7/11,27.27,413.4,65.29633877,69.27642005
2017/7/12,27.25,416.4,65.29530462,69.27259006
2017/7/13,27.23,413.8,65.28331895,69.26876288
2017/7/14,27.23,414,65.26141387,69.26493571
2017/7/15,27.22,412.1,65.26089729,69.26110994
2017/7/16,27.22,412.2,65.2499444,69.25728416
2017/7/17,27.22,410.2,65.2389913,69.25345839
2017/7/18,27.16,413.2,65.22494149,69.24964106
2017/7/19,27.21,411.1,65.22752145,69.24581669
2017/7/20,27.22,410.9,65.2389913,69.24199092
2017/7/21,27.16,411.6,65.22494149,69.23817358
2017/7/22,27.16,410.9,65.20303368,69.23435624
2017/7/23,27.06,411.2,65.21979524,69.23055296
2017/7/24,27.04,411.5,65.21876819,69.22675249
2017/7/25,27.03,410.9,65.20730052,69.22295342
2017/7/26,27.01,413.3,65.19531974,69.21915717
2017/7/27,26.97,412.6,65.18231449,69.21536653
2017/7/28,26.96,415.8,65.18180237,69.2115773
2017/7/29,27,415.6,65.16194137,69.20778245
2017/7/30,27,418.5,65.16194137,69.2039876
2017/7/31,26.96,418,65.15989141,69.20019838
2017/8/1,26.95,417.2,65.15937938,69.19641055
2017/8/2,26.91,417.8,65.13542082,69.19262835
2017/8/3,26.88,417.1,65.1448441,69.18885037
2017/8/4,26.86,417.8,65.13286658,69.1850752
2017/8/5,26.87,416.5,65.12242042,69.18129862
2017/8/6,26.91,417.1,65.10255084,69.17751642
2017/8/7,26.9,419,65.10203949,69.17373562
2017/8/8,26.92,416.5,65.08114812,69.16995202
2017/8/9,26.92,418,65.07019068,69.16616841
2017/8/10,26.87,419,65.0676341,69.16239183
2017/8/11,26.83,419.3,65.06559213,69.15862088
2017/8/12,26.84,418.8,65.04418607,69.15484851
2017/8/13,26.86,422.2,65.04520725,69.15107334
2017/8/14,26.82,421.2,65.04316563,69.14730379
2017/8/15,26.83,420.2,65.03271726,69.14353283
2017/8/16,26.85,422.1,65.01182072,69.13975907
2017/8/17,26.85,420.9,65.01182072,69.1359853
2017/8/18,26.83,420.9,64.99984048,69.13221434
2017/8/19,14.68,228.4,64.51538018,69.13015107
2017/8/20,25.91,433,64.62465597,69.12650942
2017/8/21,29.75,525.6,64.75157352,69.12232805
2017/8/22,29.78,505,64.69850834,69.11814248
2017/8/23,29.64,507,64.69059577,69.11397657
2017/8/24,29.53,476,64.6844039,69.10982613
2017/8/25,29.5,485.5,64.68271905,69.10567991
2017/8/26,29.44,491,64.65744409,69.10154212
2017/8/27,29.37,494.8,64.64257035,69.09741416
2017/8/28,29.36,494.8,64.64201132,69.09328761
2017/8/29,29.32,498.2,64.62882078,69.08916669
2017/8/30,29.35,499.1,64.59762689,69.08504155
2017/8/31,29.32,498.9,64.58499375,69.08092062
2017/9/1,29.34,494.3,64.5641965,69.07679688
2017/9/2,29.35,498.4,64.54284027,69.07267174
2017/9/3,29.28,499.8,64.54988825,69.06855644
2017/9/4,29.28,498.8,64.53893015,69.06444113
2017/9/5,29.31,502.7,64.51868832,69.06032161
2017/9/6,29.31,500.8,64.50772974,69.05620209
2017/9/7,2.12,35.3,63.66343495,69.05590412
2017/9/8,0,0,68.85320122,69.05590412
2017/9/9,0,0,68.86413492,69.05590412
2017/9/10,0,0,68.89693483,69.05590412
2017/9/11,0,0,68.91880047,69.05590412
2017/9/12,0,0,68.96252932,69.05590412
2017/9/13,0,0,68.99532389,69.05590412
2017/9/14,0,0,69.00625501,69.05590412
2017/9/15,0,0,69.01718594,69.05590412
2017/9/16,0,0,69.04997754,69.05590412
2017/9/17,0,0,69.08276737,69.05590412
2017/9/18,0,0,69.08276737,69.05590412
2017/9/19,0,0,69.09369691,69.05590412
2017/9/20,20.1084,502.1,63.62037687,69.05307789
2017/9/21,29.8446,445.9,65.0416089,69.04888323
2017/9/22,30.0021,449.7,65.13810427,69.04466644
2017/9/23,30.0668,480.5,65.13084222,69.04044055
2017/9/24,26.551,411.2,65.39106825,69.0367088
2017/9/25,24.2449,388.5,65.46613139,69.03330118
2017/9/26,24.1747,363.3,65.44098146,69.02990343
2017/9/27,24.1102,361.9,65.38321621,69.02651474
2017/9/28,23.9865,360.1,65.32274472,69.02314344
2017/9/29,24.0057,364.5,65.26880395,69.01976944
2017/9/30,23.4427,374.2,65.22142614,69.01647457
2017/10/1,23.0632,385.2,65.17169301,69.01323303
2017/10/2,22.9825,385,65.15717834,69.01000284
2017/10/3,22.9273,385.3,65.14379011,69.00678041
2017/10/4,22.9461,384.8,65.10073181,69.00355534
2017/10/5,22.958,386,65.07931142,69.00032859
2017/10/6,22.9477,381,65.0678886,68.99710329
2017/10/7,22.9182,377,65.03368086,68.99388214
2017/10/8,22.8894,377.9,65.01047547,68.99066503
2017/10/9,22.8629,384.4,65.00931693,68.98745165
2017/10/10,22.8431,385.7,65.00845215,68.98424105
2017/10/11,22.8508,387,64.98684216,68.98102937
2017/10/12,22.8112,383.4,64.96316648,68.97782326
2017/10/13,22.7695,394.5,64.96134931,68.97462301
2017/10/14,22.738,394,64.94900443,68.97142718
2017/10/15,22.7471,396,64.93842572,68.96823008
2017/10/16,22.7311,399.7,64.93772986,68.96503522
2017/10/17,22.7047,398.1,64.92560783,68.96184407
2017/10/18,22.7172,397.3,64.90420055,68.95865117
2017/10/19,22.7124,398.6,64.88204072,68.95545894
2017/10/20,22.6609,401.1,64.89078079,68.95227395
2017/10/21,22.6077,398.3,64.87750029,68.94909644
2017/10/22,22.5922,402.7,64.87682983,68.94592111
2017/10/23,22.6813,397.4,64.85873758,68.94273325
2017/10/24,22.6567,394.9,64.84669358,68.93954885
2017/10/25,22.6644,392.2,64.8470276,68.93636337
2017/10/26,22.6792,398.2,64.83669321,68.93317581
2017/10/27,22.6683,399.1,64.83622007,68.92998978
2017/10/28,22.7168,398.6,64.81637322,68.92679693
2017/10/29,22.6292,399.1,64.81257017,68.9236164
2017/10/30,22.6367,398.1,64.79093994,68.92043481
2017/10/31,22.5819,402.6,64.77758866,68.91726092
2017/11/1,23.0981,399.3,64.8001637,68.91401449
2017/11/2,22.6585,400,64.76992957,68.91082983
2017/11/3,22.6374,400.5,64.76901417,68.90764815
2017/11/4,22.7319,399.6,64.76214233,68.90445318
2017/11/5,22.7966,399.2,64.75398541,68.90124912
2017/11/6,22.778,400.8,64.73121683,68.89804767
2017/11/7,22.7738,403.1,64.74201205,68.89484681
2017/11/8,22.7437,400.6,64.72972108,68.89165018
2017/11/9,22.7295,401.4,64.72910249,68.88845555
2017/11/10,22.6951,402.5,64.72760545,68.88526576
2017/11/11,22.6824,401.3,64.71607425,68.88207775
2017/11/12,22.6835,400.6,64.70514278,68.87888958
2017/11/13,22.6531,406.7,64.69284241,68.87570569
2017/11/14,22.5776,408.1,64.67858917,68.87253241
2017/11/15,22.5293,402.5,64.66552,68.86936591
2017/11/16,22.4976,407.9,64.66415142,68.86620387
2017/11/17,22.4778,407.6,64.65231657,68.86304462
2017/11/18,22.4384,401.6,64.63963806,68.8598909
2017/11/19,22.4487,405,64.6400815,68.85673574
2017/11/20,22.4579,401.8,64.62949625,68.85357928
2017/11/21,22.44,405.4,64.61774359,68.85042534
2017/11/22,22.4801,401.7,64.60848969,68.84726576
2017/11/23,22.4989,402.9,64.60930089,68.84410354
2017/11/24,22.453,406,64.60732151,68.84094777
2017/11/25,22.4473,400.7,64.60707597,68.8377928
2017/11/26,22.4445,401.9,64.59597319,68.83463823
2017/11/27,22.428,406.3,64.5842803,68.83148597
2017/11/28,22.4143,405.1,64.57270803,68.82833564
2017/11/29,22.428,404.7,64.57329761,68.82518339
2017/11/30,22.4406,404.7,64.55187422,68.82202936
2017/12/1,22.4508,408.1,64.56329675,68.8188739
2017/12/2,22.5115,406,64.53296691,68.81570991
2017/12/3,22.3314,408.8,64.547181,68.81257123
2017/12/4,22.3016,408.7,64.53492021,68.80943674
2017/12/5,22.3007,407.8,64.52389759,68.80630238
2017/12/6,22.2701,406.6,64.52258789,68.80317232
2017/12/7,22.2596,407.4,64.50016972,68.80004373
2017/12/8,22.2628,409.9,64.50030657,68.79691469
2017/12/9,22.2604,408.6,64.47823394,68.79378599
2017/12/10,22.2801,408.4,64.47907688,68.79065452
2017/12/11,22.2611,407.8,64.46727855,68.78752573
2017/12/12,22.231,407.8,64.46599183,68.78440116
2017/12/13,22.2196,408.6,64.45451922,68.7812782
2017/12/14,22.2087,409.3,64.44306789,68.77815676
