日期,日产气量,日产水量,井底流压,地层压力,累积产气量/104m3
2016/9/2,44.4139,0.266888,66.17422086,65.66982918,44.4139
2016/9/3,61.4344,0,67.35418971,65.66057211,105.8483
2016/9/4,45.4566,2.123472,67.62685306,65.65290558,151.3049
2016/9/5,43.7004,0.613968,67.33266953,65.64537681,195.0053
2016/9/6,45.5846,1.943232,67.59121722,65.63769654,240.5899
2016/9/7,45.8601,1.871192,67.63691903,65.63000833,286.45
2016/9/8,44.2285,1.27172,67.4977402,65.62249828,330.6785
2016/9/9,47.3234,0.574128,67.37535619,65.6147093,378.0019
2016/9/10,48.8446,0.992432,67.41961696,65.60679709,426.8465
2016/9/11,49.9634,1.072928,67.39507146,65.59878731,476.8099
2016/9/12,50.3031,1.425752,67.32333012,65.59077148,527.113
2016/9/13,50.3983,1.208136,67.18761272,65.5827558,577.5113
2016/9/14,50.3247,1.404024,67.15768622,65.57476555,627.836
2016/9/15,50.3716,1.270272,67.07879453,65.566783,678.2076
2016/9/16,50.549,1.56608,67.10566558,65.55880846,728.7566
2016/9/17,50.6011,1.931912,67.14475924,65.55084626,779.3577
2016/9/18,50.6881,2.074952,67.14310086,65.54289961,830.0458
2016/9/19,44.2935,1.81652,66.84609877,65.53558247,874.3393
2016/9/20,53.4713,2.012296,67.29842825,65.52362187,927.8106
2016/9/21,53.5322,1.257424,67.04009344,65.51046097,981.3428
2016/9/22,53.5806,1.343552,67.00540394,65.49717373,1034.9234
2016/9/23,53.5009,0.949928,66.85988932,65.48379344,1088.4243
2016/9/24,53.4338,0.925296,66.8506121,65.47045802,1141.8581
2016/9/25,53.2957,0.966344,66.82778668,65.45708645,1195.1538
2016/9/26,53.2152,1.662784,66.95722221,65.44371168,1248.369
2016/9/27,53.1333,1.609336,66.90933346,65.43040547,1301.5023
2016/9/28,53.7591,1.579272,66.90074977,65.41709602,1355.2614
2016/9/29,53.6062,1.341504,66.82236285,65.40381985,1408.8676
2016/9/30,55.764,1.56888,66.81713112,65.39032991,1464.6316
2016/10/1,57.356,1.47152,66.76784074,65.37667837,1521.9876
2016/10/2,57.3063,1.655496,66.79977861,65.36304328,1579.2939
2016/10/3,57.5681,1.244552,66.70830055,65.34942698,1636.862
2016/10/4,51.1238,1.440096,66.68252684,65.33644666,1687.9858
2016/10/5,54.9582,1.083344,66.84258623,65.32309367,1742.944
2016/10/6,57.3768,0.729856,66.84683523,65.30951542,1800.3208
2016/10/7,57.3461,0.552312,66.79974643,65.29592308,1857.6669
2016/10/8,57.4077,0.257384,66.7359353,65.28231461,1915.0746
2016/10/9,57.4606,0.213152,66.72030541,65.26869905,1972.5352
2016/10/10,57.4183,0.266536,66.71692745,65.25510033,2029.9535
2016/10/11,57.3563,0.301496,66.71918133,65.2415431,2087.3098
2016/10/12,57.2522,0.039824,66.66040365,65.22800378,2144.562
2016/10/13,57.0984,0.462128,66.73200748,65.21449129,2201.6604
2016/10/14,57.1769,0.295848,66.71597898,65.20096873,2258.8373
2016/10/15,57.201,0.39392,66.72605147,65.18745998,2316.0383
2016/10/16,57.1881,0.174952,66.7039237,65.17397452,2373.2264
2016/10/17,57.1976,0.704192,66.8074253,65.16048255,2430.424
2016/10/18,57.1215,0.85028,66.82994139,65.14700318,2487.5455
2016/10/19,57.1134,0.540928,66.75919952,65.13354152,2544.6589
2016/10/20,57.3336,0.353312,66.73860653,65.12007108,2601.9925
2016/10/21,57.1882,0.134944,66.68525289,65.10661389,2659.1807
2016/10/22,57.2134,0.382928,66.72482839,65.09315562,2716.3941
2016/10/23,57.2471,0.460232,66.74231713,65.07967986,2773.6412
2016/10/24,57.3322,0.363424,66.70796039,65.06621914,2830.9734
2016/10/25,57.2837,0.757304,66.76961833,65.05276843,2888.2571
2016/10/26,57.2692,0.298464,66.67980457,65.03935925,2945.5263
2016/10/27,57.2704,0,66.56676563,65.02596775,3002.7967
2016/10/28,57.2627,0.368984,66.68235463,65.01264079,3060.0594
2016/10/29,57.2507,0.129944,66.62379905,64.99937502,3117.3101
2016/10/30,57.4324,0.325408,66.66442091,64.98606461,3174.7425
2016/10/31,57.6718,0.266256,66.65943924,64.97271935,3232.4143
2016/11/1,57.7218,0,66.5721377,64.95935282,3290.1361
2016/11/2,57.8349,0.323208,66.67155601,64.94604637,3347.971
2016/11/3,57.8293,0,66.55763847,64.93279176,3405.8003
2016/11/4,57.7836,0,66.55984626,64.91955097,3463.5839
2016/11/5,57.7658,0,66.50378865,64.90629486,3521.3497
2016/11/6,57.769,0,66.55113773,64.89304594,3579.1187
2016/11/7,57.7855,0,66.56483127,64.87981336,3636.9042
2016/11/8,57.7274,0,66.49767133,64.86661507,3694.6316
2016/11/9,57.6025,0.2018,66.5875936,64.85344858,3752.2341
2016/11/10,57.641,0.01872,66.55450248,64.84027503,3809.8751
2016/11/11,57.6204,0.200368,66.58862094,64.82710938,3867.4955
2016/11/12,57.6721,0.276232,66.63972002,64.8139255,3925.1676
2016/11/13,57.6239,0,66.43832684,64.80074614,3982.7915
2016/11/14,57.6454,0,66.42191271,64.78751741,4040.4369
2016/11/15,57.8157,0,66.57868943,64.77427585,4098.2526
2016/11/16,57.7055,0,66.55037588,64.76103704,4155.9581
2016/11/17,57.6272,0.159824,66.54869027,64.74782641,4213.5853
2016/11/18,43.1295,0.11964,66.49563596,64.73665432,4256.7148
2016/11/19,41.2122,0.453024,66.53629563,64.72572103,4297.927
2016/11/20,41.8566,0.151472,66.47879126,64.71470317,4339.7836
2016/11/21,42.5961,0.192312,66.5052987,64.7035911,4382.3797
2016/11/22,44.0127,0.448984,66.57357068,64.69226955,4426.3924
2016/11/23,45.5909,0.722728,66.58859934,64.68089647,4471.9833
2016/11/24,43.1054,0.231568,66.49782516,64.66980981,4515.0887
2016/11/25,42.531,0.19752,66.47069372,64.65870567,4557.6197
2016/11/26,43.3621,0.331032,66.49049717,64.64752237,4600.9818
2016/11/27,43.0251,0,66.32403165,64.63635319,4644.0069
2016/11/28,42.3769,0.469848,66.37082739,64.62521346,4686.3838
2016/11/29,45.0468,0.116256,66.40532174,64.61377945,4731.4306
2016/11/30,41.0087,0.449304,66.4816083,64.60275601,4772.4393
2016/12/1,41.8618,0.251056,66.42566592,64.5917986,4814.3011
2016/12/2,42.2661,0.508712,66.47174223,64.58077433,4856.5672
2016/12/3,42.3871,0.329032,66.41625477,64.5697388,4898.9543
2016/12/4,42.4203,0,66.32397164,64.55869491,4941.3746
2016/12/5,42.5249,0.198008,66.36143565,64.5476357,4983.8995
2016/12/6,42.6648,0.426816,66.39832,64.53654475,5026.5643
2016/12/7,42.7806,0.337552,66.37348748,64.52544677,5069.3449
2016/12/8,42.6887,0.494904,66.40371771,64.51435147,5112.0336
2016/12/9,42.8894,0.778848,66.44238077,64.50321971,5154.923
2016/12/10,43.1846,0.685232,66.41634956,64.49206404,5198.1076
2016/12/11,43.371,0.48032,66.36038725,64.48087249,5241.4786
2016/12/12,43.5085,0.16932,66.27707175,64.46966656,5284.9871
2016/12/13,43.5214,0.158288,66.26407358,64.45845471,5328.5085
2016/12/14,43.5669,0.344648,66.29738575,64.44724168,5372.0754
2016/12/15,43.5454,0.426368,66.30360355,64.43606211,5415.6208
2016/12/16,43.6432,0.128544,66.23125019,64.42494395,5459.264
2016/12/17,43.7471,0,66.1659311,64.41383799,5503.0111
2016/12/18,43.81,0.1052,66.20276702,64.40272488,5546.8211
2016/12/19,43.8209,0.584328,66.30903114,64.39160461,5590.642
2016/12/20,44.9789,0.691688,66.38449063,64.38035123,5635.6209
2016/12/21,40.267,1.04864,66.38869113,64.36955429,5675.8879
2016/12/22,41.1517,0.267864,66.29500472,64.35868979,5717.0396
2016/12/23,41.2416,0.320672,66.28962466,64.34783964,5758.2812
2016/12/24,41.253,0.18976,66.24904253,64.33698275,5799.5342
2016/12/25,41.1989,0.344088,66.27110744,64.3261263,5840.7331
2016/12/26,41.1217,0.440264,66.28899033,64.31526561,5881.8548
2016/12/27,41.1183,0,66.12641754,64.30441546,5922.9731
2016/12/28,41.9842,0.381264,66.2871899,64.29347683,5964.9573
2016/12/29,41.427,0.16584,66.16552939,64.28258297,6006.3843
2016/12/30,41.2989,0.176088,66.16114417,64.27167731,6047.6832
2016/12/31,41.4463,0.334296,66.18342666,64.26074689,6089.1295
2017/1/1,41.8206,0,66.04747734,64.24978082,6130.9501
2017/1/2,42.3535,0,65.83533782,64.23876714,6173.3036
2017/1/3,44.0867,0,66.05536169,64.2275312,6217.3903
2017/1/4,43.6007,0,65.84042072,64.21636091,6260.991
2017/1/5,43.4468,0.034256,66.07899891,64.2052023,6304.4378
2017/1/6,44.1262,0,65.99781618,64.19397519,6348.564
2017/1/7,44.561,0,66.07586008,64.18269796,6393.125
2017/1/8,44.5696,0,66.0579567,64.17138754,6437.6946
2017/1/9,44.5363,0,66.04147661,64.16008309,6482.2309
2017/1/10,44.2522,0,66.00216594,64.14884071,6526.4831
2017/1/11,44.3139,0,65.95022636,64.13761799,6570.797
2017/1/12,44.3109,0,65.98207348,64.12631986,6615.1079
2017/1/13,45.3789,0,66.02815045,64.11495257,6660.4868
2017/1/14,45.8522,0,66.00109845,64.10354397,6706.339
2017/1/15,45.0123,0,65.90125157,64.09221262,6751.3513
2017/1/16,45.0526,0,65.94241739,64.08086434,6796.4039
2017/1/17,44.156,0,65.89450655,64.06962063,6840.5599
2017/1/18,44.6185,0,65.87931396,64.05835901,6885.1784
2017/1/19,44.6737,0,65.84744488,64.04709092,6929.8521
2017/1/20,44.6034,0,65.85353058,64.03580213,6974.4555
2017/1/21,44.5657,0,65.8260945,64.02453453,7019.0212
2017/1/22,44.4269,0.015848,65.8898257,64.01328869,7063.4481
2017/1/23,44.3093,0,65.78018048,64.00206339,7107.7574
2017/1/24,44.2372,0,65.79646021,63.99083072,7151.9946
2017/1/25,44.1006,0,65.76352855,63.97959458,7196.0952
2017/1/26,44.1199,0,65.76362201,63.96839817,7240.2151
2017/1/27,44.2554,0,65.7753615,63.957218,7284.4705
2017/1/28,44.2045,0,65.73085736,63.9460221,7328.675
2017/1/29,44.1604,0,65.73807473,63.9348291,7372.8354
2017/1/30,44.2336,0.241312,65.82030573,63.92364641,7417.069
2017/1/31,44.2501,0.579992,65.8191251,63.91247729,7461.3191
2017/2/1,44.0421,0.296632,65.62580436,63.90128443,7505.3612
2017/2/2,43.976,0.77192,65.7574701,63.89010574,7549.3372
2017/2/3,43.9712,0.612304,65.67970426,63.87892775,7593.3084
2017/2/4,43.8285,0.72372,65.54289826,63.86780335,7637.1369
2017/2/5,42.7054,0.773568,65.08926544,63.85676252,7679.8423
2017/2/6,39.8024,6.815808,65.09011684,63.84599394,7719.6447
2017/2/7,38.9926,47.760592,66.12525613,63.83531859,7758.6373
2017/2/8,38.3063,48.215496,65.96708236,63.82469906,7796.9436
2017/2/9,34.2665,47.25868,66.06330125,63.81443339,7831.2101
2017/2/10,30.298,45.07616,65.84250148,63.80458738,7861.5081
2017/2/11,29.9787,47.681704,65.83336286,63.79478206,7891.4868
2017/2/12,29.5842,48.843264,65.7974785,63.7850173,7921.071
2017/2/13,29.3581,50.011352,65.7836198,63.77526653,7950.4291
2017/2/14,29.2638,52.948896,65.84442705,63.76551882,7979.6929
2017/2/15,29.0475,53.8662,65.78783493,63.75579736,8008.7404
2017/2/16,28.3297,52.603624,65.71276276,63.74610598,8037.0701
2017/2/17,27.8229,53.514168,65.6863856,63.73643599,8064.893
2017/2/18,27.807,55.41544,65.67121109,63.72676479,8092.7
2017/2/19,27.9277,60.665784,65.88529106,63.71708043,8120.6277
2017/2/20,27.9554,59.853568,65.79430747,63.70740355,8148.5831
2017/2/21,27.808,62.59536,65.86211636,63.6977538,8176.3911
2017/2/22,27.6894,61.804848,65.75467884,63.68815111,8204.0805
2017/2/23,27.6239,63.000088,65.7534762,63.6786198,8231.7044
2017/2/24,27.4359,65.565128,65.80498702,63.66907294,8259.1403
2017/2/25,27.1107,66.271144,65.79339678,63.65948418,8286.251
2017/2/26,26.9536,67.653712,65.80504147,63.64990186,8313.2046
2017/2/27,26.7893,70.626856,65.88653528,63.64030016,8339.9939
2017/2/28,26.659,68.40728,65.74098566,63.63070739,8366.6529
2017/3/1,26.3979,70.658168,65.79716482,63.62115248,8393.0508
2017/3/2,26.3002,71.415984,65.78023657,63.61162141,8419.351
2017/3/3,26.0799,71.693608,65.76030865,63.60211471,8445.4309
2017/3/4,25.914,71.47688,65.70488959,63.59262816,8471.3449
2017/3/5,25.7375,71.801,65.66317455,63.58316378,8497.0824
2017/3/6,25.59,72.2728,65.63769279,63.57371049,8522.6724
2017/3/7,25.52,72.2784,65.58692004,63.56428533,8548.1924
2017/3/8,25.36,72.2212,65.55013863,63.55487142,8573.5524
2017/3/9,25.3,75.836,65.65965163,63.54542687,8598.8524
2017/3/10,0,0,60.0553709,63.54542687,8598.8524
2017/3/11,25.13,75.3196,65.52647729,63.53602296,8623.9824
2017/3/12,25.08,75.8536,65.48728463,63.52662277,8649.0624
2017/3/13,25.14,77.4388,65.49811715,63.51721782,8674.2024
2017/3/14,24.7,78.044,65.50224414,63.50787706,8698.9024
2017/3/15,24.61,78.6112,65.47917608,63.49856093,8723.5124
2017/3/16,24.51,78.5392,65.43945091,63.48925595,8748.0224
2017/3/17,24.4,79.198,65.41133236,63.47999395,8772.4224
2017/3/18,24.22,78.0824,65.3423788,63.47070642,8796.6424
2017/3/19,24.14,79.7788,65.3703479,63.46140201,8820.7824
2017/3/20,24.17,80.3864,65.36191879,63.4521034,8844.9524
2017/3/21,24.1,84.102,65.47964144,63.44280411,8869.0524
2017/3/22,24.03,85.3676,65.4982911,63.43349446,8893.0824
2017/3/23,25.27,87.7684,65.46343992,63.4240756,8918.3524
2017/3/24,24.38,87.9296,65.51333556,63.41474307,8942.7324
2017/3/25,25.07,87.7844,65.40266979,63.40536253,8967.8024
2017/3/26,25.32,86.5844,65.28610238,63.39598218,8993.1224
2017/3/27,25.28,87.7076,65.28229094,63.38658904,9018.4024
2017/3/28,25.29,87.6468,65.24553648,63.37716554,9043.6924
2017/3/29,25.38,86.0096,65.11215962,63.36769094,9069.0724
2017/3/30,25.32,84.9344,65.02573351,63.35822482,9094.3924
2017/3/31,25.27,83.3384,64.97120175,63.34876536,9119.6624
2017/4/1,25.18,82.7056,64.81701293,63.33931297,9144.8424
2017/4/2,25.08,81.5036,64.72738894,63.32986145,9169.9224
2017/4/3,24.91,82.6972,64.70406304,63.3204307,9194.8324
2017/4/4,24.65,84.698,64.76885602,63.31103158,9219.4824
2017/4/5,24.6,85.812,64.76656675,63.30163639,9244.0824
2017/4/6,24.29,83.6968,64.81079761,63.29227949,9268.3724
2017/4/7,24.53,85.8676,64.68598763,63.28288219,9292.9024
2017/4/8,24.33,85.8636,64.64762862,63.27348742,9317.2324
2017/4/9,24.2,83.494,64.49789484,63.26411521,9341.4324
2017/4/10,24.24,84.8008,64.50813656,63.2547581,9365.6724
2017/4/11,24.12,85.6004,64.52110882,63.24543247,9389.7924
2017/4/12,24.03,85.7676,64.48108955,63.2361139,9413.8224
2017/4/13,20.89,74.3288,64.58903802,63.22707729,9434.7124
2017/4/14,22.21,112.0432,65.05858077,63.217906,9456.9224
2017/4/15,23.23,93.1416,64.36747319,63.20863555,9480.1524
2017/4/16,23.2,85.704,64.06807334,63.19936629,9503.3524
2017/4/17,23.06,93.3852,64.4197883,63.19014965,9526.4124
2017/4/18,23.05,93.756,64.3817154,63.18091939,9549.4624
2017/4/19,22.92,89.1664,64.15512541,63.17169365,9572.3824
2017/4/20,22.9,92.768,64.29845404,63.16245493,9595.2824
2017/4/21,22.89,91.8488,64.20209888,63.15327373,9618.1724
2017/4/22,22.58,96.8336,64.44210719,63.14412556,9640.7524
2017/4/23,22.64,97.9088,64.42714398,63.13496779,9663.3924
2017/4/24,22.67,96.8364,64.35278922,63.12580268,9686.0624
2017/4/25,22.48,96.9116,64.32385444,63.11666755,9708.5424
2017/4/26,22.44,98.7248,64.37727988,63.10756814,9730.9824
2017/4/27,22.23,94.4916,64.11094238,63.09850877,9753.2124
2017/4/28,22.11,93.4912,64.06907786,63.08942548,9775.3224
2017/4/29,21.81,95.2252,64.12114124,63.08039512,9797.1324
2017/4/30,22,92.63,63.95379395,63.07131153,9819.1324
2017/5/1,21.96,93.6232,63.9600557,63.06223226,9841.0924
2017/5/2,21.88,95.7996,64.02617424,63.05316246,9862.9724
2017/5/3,21.75,92.81,63.82661381,63.0441157,9884.7224
2017/5/4,21.62,88.8304,63.62361445,63.03508906,9906.3424
2017/5/5,21.66,89.5272,63.62881331,63.02605055,9928.0024
2017/5/6,21.54,90.7968,63.64820787,63.01703701,9949.5424
2017/5/7,21.39,91.9688,63.68997775,63.00804746,9970.9324
2017/5/8,21.28,91.0476,63.61675954,62.99906445,9992.2124
2017/5/9,21.26,90.3992,63.53269694,62.99005211,10013.4724
2017/5/10,21.27,91.8684,63.58961719,62.98103177,10034.7424
2017/5/11,21.2,94.654,63.64095691,62.97201895,10055.9424
2017/5/12,21.1,92.872,63.5263482,62.96300879,10077.0424
2017/5/13,21.31,92.1852,63.40817349,62.95391796,10098.3524
2017/5/14,21.27,91.4484,63.35647886,62.94487631,10119.6224
2017/5/15,21.12,95.8304,63.52812335,62.93583734,10140.7424
2017/5/16,20.98,91.3716,63.2813322,62.92681847,10161.7224
2017/5/17,20.78,92.5376,63.25372108,62.91779839,10182.5024
2017/5/18,20.95,92.194,63.14497994,62.90875869,10203.4524
2017/5/19,20.81,91.4352,63.09540687,62.89974782,10224.2624
2017/5/20,20.77,92.8384,63.11213652,62.89073089,10245.0324
2017/5/21,20.49,92.0508,63.0490867,62.88173697,10265.5224
2017/5/22,20.41,92.6472,63.04515183,62.87275345,10285.9324
2017/5/23,20.37,92.7104,62.95310843,62.86377743,10306.3024
2017/5/24,20.37,92.7204,62.93107185,62.85481278,10326.6724
2017/5/25,16.52,74.3184,62.10795175,62.84619542,10343.1924
2017/5/26,19.55,97.056,62.88405955,62.83730382,10362.7424
2017/5/27,20.23,96.7416,62.84273737,62.82835484,10382.9724
2017/5/28,20.16,97.5372,62.86990336,62.81941723,10403.1324
2017/5/29,20.01,98.6692,62.91569325,62.81047066,10423.1424
2017/5/30,19.9,99.188,62.91447017,62.80154706,10443.0424
2017/5/31,19.86,103.6612,63.11313733,62.79262417,10462.9024
2017/6/1,19.73,97.2916,62.77344496,62.78432994,10482.6324
2017/6/2,19.81,97.9452,62.80245936,62.77628207,10502.4424
2017/6/3,19.86,97.8512,62.73281168,62.76818931,10522.3024
2017/6/4,19.8,98.676,62.71536248,62.7600923,10542.1024
2017/6/5,19.69,96.4348,62.58069976,62.75200071,10561.7924
2017/6/6,19.68,97.8756,62.629948,62.74399482,10581.4724
2017/6/7,19.64,102.6888,62.8131121,62.7354305,10601.1124
2017/6/8,19.67,99.7464,62.60939942,62.72674789,10620.7824
2017/6/9,18.98,99.2916,62.64812608,62.71805628,10639.7624
2017/6/10,18.84,97.7028,62.54008714,62.70935762,10658.6024
2017/6/11,18.79,99.3968,62.57754787,62.70065866,10677.3924
2017/6/12,18.75,98.33,62.48718837,62.69195362,10696.1424
2017/6/13,18.64,96.8688,62.37938159,62.68326956,10714.7824
2017/6/14,18.4,97.188,62.37594832,62.67462773,10733.1824
2017/6/15,18.23,97.5116,62.35961612,62.6660262,10751.4124
2017/6/16,17.93,97.1156,62.30145697,62.65746786,10769.3424
2017/6/17,17.9,101.818,62.4907873,62.64890148,10787.2424
2017/6/18,17.78,102.9376,62.58611918,62.64035798,10805.0224
2017/6/19,18.22,105.2624,62.83004949,62.63172431,10823.2424
2017/6/20,18.2,104.294,62.37811838,62.62308455,10841.4424
2017/6/21,18.19,103.1048,62.28693941,62.61443965,10859.6324
2017/6/22,18.4,103.848,62.27842637,62.60577224,10878.0324
2017/6/23,18.27,105.0584,62.33263475,62.59712,10896.3024
2017/6/24,18.01,99.7792,62.11352619,62.58849354,10914.3124
2017/6/25,17.78,105.3576,62.33366748,62.57984842,10932.0924
2017/6/26,17.61,104.2212,62.22534562,62.57124841,10949.7024
2017/6/27,17.4,104.618,62.19357564,62.56270796,10967.1024
2017/6/28,17.3,105.166,62.22328777,62.55415947,10984.4024
2017/6/29,17.27,104.3584,62.20077661,62.54561164,11001.6724
2017/6/30,17.07,103.7644,62.17458463,62.53708763,11018.7424
2017/7/1,16.92,107.5664,62.28357406,62.52858937,11035.6624
2017/7/2,16.96,104.7532,62.13980716,62.52007921,11052.6224
2017/7/3,16.86,107.0012,62.20200079,62.51158129,11069.4824
2017/7/4,16.57,111.3344,62.48060249,62.50311103,11086.0524
2017/7/5,16.4,108.898,62.35702858,62.49460089,11102.4524
2017/7/6,16.16,110.4672,62.51895066,62.48610298,11118.6124
2017/7/7,16.46,114.0332,62.54738089,62.47759992,11135.0724
2017/7/8,16.58,115.6536,62.62956271,62.4690869,11151.6524
2017/7/9,16.56,112.0152,62.38155335,62.46058225,11168.2124
2017/7/10,16.76,114.2592,62.45126191,62.45204931,11184.9724
2017/7/11,16.99,110.9408,62.20941185,62.44348904,11201.9624
2017/7/12,17.14,109.1188,62.15754181,62.43491593,11219.1024
2017/7/13,17.09,109.6828,62.13075891,62.42634734,11236.1924
2017/7/14,17.11,109.6212,62.14522089,62.41776012,11253.3024
2017/7/15,17.05,109.396,62.11522644,62.40920442,11270.3524
2017/7/16,17.09,113.2528,62.25396371,62.4006513,11287.4424
2017/7/17,16.87,108.8804,62.06796935,62.39209981,11304.3124
2017/7/18,16.6,110.742,62.11129646,62.38360874,11320.9124
2017/7/19,16.22,108.6624,62.0881187,62.37518099,11337.1324
2017/7/20,16.22,107.2224,61.9556951,62.36672302,11353.3524
2017/7/21,15.98,105.9616,62.00398067,62.35827534,11369.3324
2017/7/22,15.93,110.2456,62.17632839,62.34982733,11385.2624
2017/7/23,15.74,105.7408,61.96043391,62.34136454,11401.0024
2017/7/24,15.49,105.6008,62.02903014,62.33290914,11416.4924
2017/7/25,15.49,101.0208,61.76873667,62.32444861,11431.9824
2017/7/26,15.35,104.432,62.00922387,62.31602243,11447.3324
2017/7/27,15.4,107.328,62.10455798,62.30756992,11462.7324
2017/7/28,15.35,104.992,61.92542562,62.29911902,11478.0824
2017/7/29,15.26,105.7992,62.11197145,62.29064756,11493.3424
2017/7/30,15.74,106.6608,61.87253894,62.28217193,11509.0824
2017/7/31,15.8,106.586,61.75915366,62.27369695,11524.8824
2017/8/1,15.9,106.588,61.74099127,62.26524188,11540.7824
2017/8/2,15.86,106.0612,61.75907588,62.25677396,11556.6424
2017/8/3,15.83,107.6536,61.82976382,62.24827684,11572.4724
2017/8/4,15.88,102.4196,61.51270893,62.23976303,11588.3524
2017/8/5,15.84,102.3728,61.53318265,62.2312701,11604.1924
2017/8/6,16.33,104.9136,61.50674051,62.2226026,11620.5224
2017/8/7,16.09,105.7028,61.6388255,62.21403685,11636.6124
2017/8/8,15.87,105.9704,61.67131641,62.20550449,11652.4824
2017/8/9,15.5,106.42,61.81871565,62.19700358,11667.9824
2017/8/10,14.77,104.7684,61.88445793,62.18867174,11682.7524
2017/8/11,15.7,106.904,61.76048982,62.18019714,11698.4524
2017/8/12,15.62,107.6704,61.75723193,62.17176071,11714.0724
2017/8/13,15.5,106.15,61.66698923,62.16334128,11729.5724
2017/8/14,15.59,105.3728,61.60897043,62.15492249,11745.1624
2017/8/15,15.74,106.5508,61.62668763,62.1464899,11760.9024
2017/8/16,15.78,105.8576,61.50911236,62.13803872,11776.6824
2017/8/17,15.59,107.1828,61.68322484,62.12960164,11792.2724
2017/8/18,15.62,105.8004,61.50846614,62.12116328,11807.8924
2017/8/19,15.63,105.0796,61.48958153,62.11274864,11823.5224
2017/8/20,15.67,106.0264,61.47110861,62.10432117,11839.1924
2017/8/21,15.62,108.3004,61.59640325,62.09589723,11854.8124
2017/8/22,15.53,107.0876,61.59370637,62.08748257,11870.3424
2017/8/23,15.55,106.716,61.44173021,62.07904068,11885.8924
2017/8/24,15.45,104.164,61.42638892,62.07060615,11901.3424
2017/8/25,15.33,105.0736,61.38715755,62.06218476,11916.6724
2017/8/26,15.25,106.58,61.47133468,62.05377651,11931.9224
2017/8/27,15.22,104.3324,61.37002884,62.04536408,11947.1424
2017/8/28,15.33,108.9936,61.54152911,62.03693884,11962.4724
2017/8/29,15.36,107.5612,61.56945054,62.02852192,11977.8324
2017/8/30,15.3,104.106,61.29811833,62.0201191,11993.1324
2017/8/31,15.24,106.4508,61.35300078,62.01170826,12008.3724
2017/9/1,15.16,105.6972,61.36059897,62.00329902,12023.5324
2017/9/2,15.17,104.3364,61.28307795,61.99489426,12038.7024
2017/9/3,14.59,107.5028,61.54775492,61.98654297,12053.2924
2017/9/4,14.28,106.6776,61.47451299,61.97822497,12067.5724
2017/9/5,14.31,103.1852,61.2787281,61.96990951,12081.8824
2017/9/6,0.9,6.788,64.2232334,61.96942733,12082.7824
2017/9/7,0,0,62.90793612,61.96942733,12082.7824
2017/9/8,0,0,62.88584526,61.96942733,12082.7824
2017/9/9,0,0,62.79747199,61.96942733,12082.7824
2017/9/10,0,0,62.76432798,61.96942733,12082.7824
2017/9/11,0,0,62.74223073,61.96942733,12082.7824
2017/9/12,0,0,62.75327948,61.96942733,12082.7824
2017/9/13,0,0,62.72013251,61.96942733,12082.7824
2017/9/14,0,0,62.6980333,61.96942733,12082.7824
2017/9/15,0,0,62.68698331,61.96942733,12082.7824
2017/9/16,0,0,62.66488262,61.96942733,12082.7824
2017/9/17,0,0,62.64278095,61.96942733,12082.7824
2017/9/18,0,0,62.63172974,61.96942733,12082.7824
2017/9/19,0,0,62.60962657,61.96942733,12082.7824
2017/9/20,0,0,62.60962657,61.96942733,12082.7824
2017/9/21,9.511,89.87912,51.03558381,61.96155504,12092.2934
2017/9/22,14.3541,138.411672,59.08600669,61.95311219,12106.6475
2017/9/23,16.5812,138.593504,60.12970755,61.94446727,12123.2287
2017/9/24,14.2781,137.737752,61.70428264,61.93649164,12137.5068
2017/9/25,14.3789,126.629688,61.33283876,61.92873102,12151.8857
2017/9/26,15.795,122.3464,60.73454756,61.92076906,12167.6807
2017/9/27,15.0249,121.048008,60.9734833,61.91285393,12182.7056
2017/9/28,15.3821,116.629432,60.77009405,61.90486687,12198.0877
2017/9/29,14.598,109.33216,60.73836419,61.89704449,12212.6857
2017/9/30,14.23,110.1916,59.71901452,61.88919814,12226.9157
2017/10/1,14.2218,119.212256,61.48371403,61.88136726,12241.1375
2017/10/2,14.0732,127.234144,61.98214198,61.87350225,12255.2107
2017/10/3,14.279,128.48768,61.89578496,61.86560537,12269.4897
2017/10/4,14.2213,130.412296,62.05390347,61.85770264,12283.711
2017/10/5,14.1012,132.531904,62.21331141,61.84980763,12297.8122
2017/10/6,14.5967,130.942264,61.95536676,61.84182713,12312.4089
2017/10/7,14.5531,132.315752,62.04283508,61.83382318,12326.962
2017/10/8,14.7236,129.042112,61.78596785,61.82578919,12341.6856
2017/10/9,14.3562,128.851504,61.86100942,61.81777144,12356.0418
2017/10/10,15.5382,129.706944,61.49087179,61.80975137,12371.58
2017/10/11,15.7912,128.386704,61.28174755,61.80181356,12387.3712
2017/10/12,15.8953,127.388376,61.05960809,61.79385659,12403.2665
2017/10/13,15.4268,124.675856,60.6759191,61.78595455,12418.6933
2017/10/14,15.1326,119.039392,60.42769606,61.77808062,12433.8259
2017/10/15,17.3845,119.90924,59.735641,61.76999865,12451.2104
2017/10/16,16.0131,120.818952,60.08122572,61.76203541,12467.2235
2017/10/17,16.2063,119.063496,59.93309215,61.75405795,12483.4298
2017/10/18,16.2239,118.802088,59.89151332,61.74598327,12499.6537
2017/10/19,16.1202,118.840384,59.89022656,61.7379053,12515.7739
2017/10/20,15.9825,118.8314,59.87436752,61.72983549,12531.7564
2017/10/21,16.0809,118.893528,59.84727974,61.72174931,12547.8373
2017/10/22,15.975,119.052,59.95710866,61.71366125,12563.8123
2017/10/23,15.6323,119.029416,59.9375784,61.70558643,12579.4446
2017/10/24,16.9128,119.136976,59.50239636,61.69730378,12596.3574
2017/10/25,17.1622,118.977024,59.57631651,61.68907645,12613.5196
2017/10/26,17.1405,115.39876,59.23229112,61.68084307,12630.6601
2017/10/27,17.0302,115.997584,59.26835435,61.67260386,12647.6903
2017/10/28,16.9797,116.621624,59.26693877,61.66434989,12664.67
2017/10/29,17.0449,116.256408,59.19664929,61.6560581,12681.7149
2017/10/30,17.1883,117.584936,59.35102784,61.64775519,12698.9032
2017/10/31,17.1013,115.841896,59.2070931,61.63938337,12716.0045
2017/11/1,17.3435,115.86252,59.17935743,61.63095354,12733.348
2017/11/2,17.1351,117.279192,59.28093485,61.62257195,12750.4831
2017/11/3,17.0983,116.902136,59.27206506,61.61421094,12767.5814
2017/11/4,17.0379,114.856968,58.95584743,61.60584113,12784.6193
2017/11/5,17.0401,112.886792,58.97188871,61.59746281,12801.6594
2017/11/6,17.0627,114.284984,58.92070491,61.58908919,12818.7221
2017/11/7,16.9704,111.892368,58.84796246,61.5807216,12835.6925
2017/11/8,17.0404,113.616768,59.08908559,61.57234004,12852.7329
2017/11/9,17.1384,112.128928,58.97737737,61.56393585,12869.8713
2017/11/10,16.9942,108.970464,58.63621513,61.55553454,12886.8655
2017/11/11,16.8746,109.290032,58.72969926,61.54716374,12903.7401
2017/11/12,16.8876,109.308992,58.60040685,61.5388007,12920.6277
2017/11/13,16.942,111.05464,58.67473189,61.53043693,12937.5697
2017/11/14,16.7628,111.018976,58.74360301,61.52214329,12954.3325
2017/11/15,16.6762,112.275904,58.73867846,61.51385149,12971.0087
2017/11/16,16.722,114.90224,58.85904303,61.50555794,12987.7307
2017/11/17,16.796,113.88632,58.76447193,61.49725488,13004.5267
2017/11/18,16.8205,119.42436,58.98865958,61.48894717,13021.3472
2017/11/19,17.2607,128.269144,59.37840784,61.48060194,13038.6079
2017/11/20,17.1818,128.345456,59.36940506,61.47226923,13055.7897
2017/11/21,17.1093,129.181256,59.40684952,61.46387954,13072.899
2017/11/22,17.1538,128.847696,59.3782797,61.45547212,13090.0528
2017/11/23,17.2801,131.277592,59.49349562,61.44704789,13107.3329
2017/11/24,17.2375,131.841,59.47453792,61.43862209,13124.5704
2017/11/25,17.038,132.87696,59.47701681,61.43020451,13141.6084
2017/11/26,17.0002,134.669984,59.72349696,61.42179921,13158.6086
2017/11/27,17.0874,139.943008,59.85370946,61.41338214,13175.696
2017/11/28,17.0603,141.285176,59.82047967,61.40497135,13192.7563
2017/11/29,17.1003,138.881976,59.70781014,61.39668446,13209.8566
2017/11/30,17.0549,140.785608,59.57914212,61.38833879,13226.9115
2017/12/1,17.0354,141.927168,59.73073649,61.37999754,13243.9469
2017/12/2,15.7953,146.386376,60.30016781,61.37176443,13259.7422
2017/12/3,15.346,147.36232,60.02355333,61.36356763,13275.0882
2017/12/4,15.3576,147.491392,60.00219444,61.35536916,13290.4458
2017/12/5,15.2692,146.058464,60.02441744,61.34718478,13305.715
2017/12/6,15.3237,146.434104,59.84795214,61.33898846,13321.0387
2017/12/7,15.2896,146.896832,59.79009685,61.33078785,13336.3283
2017/12/8,15.2347,146.161224,59.68234054,61.32259276,13351.563
2017/12/9,15.1897,146.414824,59.81622021,61.31439798,13366.7527
2017/12/10,15.1641,145.336872,59.59940017,61.30618643,13381.9168
2017/12/11,15.089,146.67288,59.62307824,61.29797913,13397.0058
2017/12/12,15.1459,145.368328,59.63109426,61.28974591,13412.1517
2017/12/13,15.022,144.49824,59.56637359,61.28153588,13427.1737
2017/12/14,14.0954,145.372368,60.17359166,61.27336779,13441.2691
2017/12/15,13.9803,144.541576,59.87935829,61.26520364,13455.2494
2017/12/16,13.0892,135.152864,59.26316696,61.2571108,13468.3386
2017/12/17,15.0671,139.144632,59.00678319,61.2488191,13483.4057
2017/12/18,17.4629,146.832968,59.81793973,61.24031576,13500.8686
2017/12/19,17.4999,147.220008,59.75536474,61.23180592,13518.3685
2017/12/20,17.4404,146.584768,59.75543887,61.22329679,13535.8089
2017/12/21,17.4352,146.735184,59.69444622,61.21477056,13553.2441
2017/12/22,17.4267,155.935864,60.22706487,61.20624317,13570.6708
2017/12/23,17.4053,154.827576,60.08006419,61.19769336,13588.0761
2017/12/24,17.2231,157.272152,60.08339708,61.18915956,13605.2992
2017/12/25,17.1506,157.157952,60.01999813,61.18064067,13622.4498
2017/12/26,17.2274,154.951808,59.87404433,61.17211812,13639.6772
2017/12/27,17.1092,155.941264,59.56136883,61.16360492,13656.7864
2017/12/28,17.1761,150.865912,59.79806941,61.15540167,13673.9625
2017/12/29,17.1632,144.846944,59.39940511,61.14739422,13691.1257
2017/12/30,17.0619,144.255048,59.42579492,61.13938682,13708.1876
2017/12/31,17.0491,148.756072,59.60207729,61.13138688,13725.2367
2018/1/1,17.0691,149.994472,59.53662637,61.12336307,13742.3058
2018/1/2,17.2748,149.518016,59.47526678,61.11529743,13759.5806
2018/1/3,17.2136,149.822912,59.42655873,61.10723874,13776.7942
2018/1/4,17.1512,150.957904,59.57830858,61.09920237,13793.9454
2018/1/5,17.1971,151.294232,59.57947197,61.09116394,13811.1425
2018/1/6,17.3039,151.105688,59.49208835,61.08311047,13828.4464
2018/1/7,17.1482,151.048144,59.40949566,61.07506122,13845.5946
2018/1/8,16.6834,150.725328,59.50670807,61.06706942,13862.278
2018/1/9,16.8233,151.764136,59.82222629,61.05905126,13879.1013
2018/1/10,16.8366,151.643072,59.60384331,61.05103306,13895.9379
2018/1/11,16.644,149.31848,59.41985325,61.04299798,13912.5819
2018/1/12,16.589,151.64288,59.52167074,61.03500958,13929.1709
2018/1/13,16.2574,149.799408,59.62829326,61.02704109,13945.4283
2018/1/14,16.7985,154.37612,59.81014246,61.01902701,13962.2268
2018/1/15,16.7734,154.008128,59.67402552,61.01100365,13979.0002
2018/1/16,16.5807,154.333544,59.77530146,61.0030837,13995.5809
2018/1/17,16.0582,154.435344,59.81950229,60.99511827,14011.6391
2018/1/18,15.9873,155.061016,59.88517647,60.98715407,14027.6264
2018/1/19,16.0273,154.397816,59.72415692,60.97917253,14043.6537
2018/1/20,16.4948,154.200416,59.70506122,60.97115129,14060.1485
2018/1/21,16.6744,154.646048,59.6657949,60.96311354,14076.8229
2018/1/22,16.8215,153.88428,59.47883008,60.9550376,14093.6444
2018/1/23,16.9037,151.767704,59.367811,60.94694186,14110.5481
2018/1/24,16.8233,152.974136,59.43684174,60.93884068,14127.3714
2018/1/25,17.8402,152.692784,59.01143472,60.93064267,14145.2116
2018/1/26,17.8703,152.220376,58.93545888,60.92243833,14163.0819
2018/1/27,16.7427,152.550584,59.3506536,60.91435044,14179.8246
2018/1/28,17.8036,151.685712,58.81465345,60.90615468,14197.6282
2018/1/29,17.8379,151.602968,58.951985,60.89793246,14215.4661
2018/1/30,17.7891,152.246872,58.8902338,60.88970977,14233.2552
2018/1/31,17.9549,149.793608,58.82670359,60.88148165,14251.2101
2018/2/1,17.9222,148.916224,58.75022815,60.87325573,14269.1323
2018/2/2,18.0051,146.799592,58.49322186,60.86510543,14287.1374
2018/2/3,18.1965,145.89428,58.35445841,60.85687613,14305.3339
2018/2/4,18.109,145.05128,58.32847663,60.84860052,14323.4429
2018/2/5,17.9908,145.870736,58.40897179,60.84034756,14341.4337
2018/2/6,17.9987,146.810104,58.53025538,60.83208741,14359.4324
2018/2/7,17.9852,147.221184,58.62201431,60.82386804,14377.4176
2018/2/8,17.9956,147.580352,58.48442999,60.8156285,14395.4132
2018/2/9,17.955,147.1536,58.32554482,60.80736376,14413.3682
2018/2/10,17.9373,146.725016,58.4156651,60.79911428,14431.3055
2018/2/11,17.8776,147.929792,58.57923375,60.79085856,14449.1831
2018/2/12,17.8806,146.619552,58.35694397,60.78260977,14467.0637
2018/2/13,17.8956,146.688352,58.33265698,60.77436385,14484.9593
2018/2/14,17.7521,146.129832,58.18482265,60.76611171,14502.7114
2018/2/15,17.8437,146.932504,58.36969597,60.75784367,14520.5551
2018/2/16,17.8484,144.922128,58.12659006,60.74957616,14538.4035
2018/2/17,17.8303,148.903576,58.32265481,60.74131064,14556.2338
2018/2/18,17.7355,148.83116,58.32298136,60.73305687,14573.9693
2018/2/19,17.6615,149.24708,58.35122268,60.7248165,14591.6308
2018/2/20,17.7045,146.73364,58.29528823,60.7165725,14609.3353
2018/2/21,17.7033,145.603736,58.48836018,60.70832873,14627.0386
2018/2/22,17.8777,149.249784,58.60357708,60.70005359,14644.9163
2018/2/23,17.9167,146.546664,58.06482059,60.69177463,14662.833
2018/2/24,17.9222,146.466224,58.21076287,60.68348896,14680.7552
2018/2/25,17.8787,144.199704,58.0971513,60.67520795,14698.6339
2018/2/26,17.8672,146.420624,58.1658262,60.66692779,14716.5011
2018/2/27,17.9203,145.386376,58.11614192,60.6586348,14734.4214
2018/2/28,17.6262,146.999904,58.23662875,60.65032901,14752.0476
2018/3/1,17.4491,145.164072,58.29707986,60.64200606,14769.4967
2018/3/2,17.4695,148.83244,58.3068225,60.63366842,14786.9662
2018/3/3,17.1594,149.507248,58.49990642,60.62537838,14804.1256
2018/3/4,17.1153,149.450776,58.37116272,60.61709758,14821.2409
2018/3/5,17.2338,147.571296,58.37748602,60.60880304,14838.4747
2018/3/6,17.1897,151.384824,58.61085531,60.60051937,14855.6644
2018/3/7,17.15,154.288,58.54479153,60.59224995,14872.8144
2018/3/8,17.04,151.2968,58.4435358,60.58399538,14889.8544
2018/3/9,17.12,131.6104,57.57301257,60.57572247,14906.9744
2018/3/10,5.72,46.2224,57.67673436,60.56852377,14912.6944
2018/3/11,12.12,147.7804,53.74277555,60.5607167,14924.8144
2018/3/12,18.57,199.1244,59.20594975,60.55229476,14943.3844
2018/3/13,19.1,185.572,58.75646688,60.54382794,14962.4844
2018/3/14,19.44,184.7548,59.23561988,60.53530679,14981.9244
2018/3/15,19.57,182.5444,59.26353766,60.52677302,15001.4944
2018/3/16,19.61,185.1012,59.30888135,60.51823139,15021.1044
2018/3/17,19.73,185.9816,59.25458104,60.50967051,15040.8344
2018/3/18,19.68,183.8956,59.25413224,60.50111124,15060.5144
2018/3/19,19.65,184.968,59.26990709,60.49254885,15080.1644
2018/3/20,19.57,184.0944,59.25600374,60.48399092,15099.7344
2018/3/21,19.55,180.886,59.08615096,60.47542417,15119.2844
2018/3/22,19.55,182.046,59.17918601,60.46684389,15138.8344
2018/3/23,19.61,178.2812,58.95397014,60.4582529,15158.4444
2018/3/24,19.6,184.322,59.24562606,60.44966068,15178.0444
2018/3/25,19.68,178.6656,59.0907367,60.44106156,15197.7244
2018/3/26,19.6,182.082,59.23716619,60.4324688,15217.3244
2018/3/27,19.61,179.7612,59.15287393,60.42386534,15236.9344
2018/3/28,19.63,180.9696,59.09194801,60.41525877,15256.5644
2018/3/29,19.61,183.8512,59.15460091,60.4066595,15276.1744
2018/3/30,19.62,184.0904,59.12673484,60.398059,15295.7944
2018/3/31,19.66,187.9472,59.32760587,60.38945066,15315.4544
2018/4/1,19.71,186.7832,59.15237041,60.38083542,15335.1644
2018/4/2,19.63,184.0496,59.09928729,60.37222654,15354.7944
2018/4/3,19.61,183.8512,59.13139559,60.36362116,15374.4044
2018/4/4,19.51,186.0692,59.13020007,60.35502499,15393.9144
2018/4/5,19.62,183.6504,59.37589693,60.34640771,15413.5344
2018/4/6,19.76,188.6692,59.16750827,60.33777786,15433.2944
2018/4/7,19.81,181.9252,58.93326266,60.3291468,15453.1044
2018/4/8,19.64,181.3988,59.03699059,60.32054196,15472.7444
2018/4/9,19.49,181.2008,58.97524998,60.3119605,15492.2344
2018/4/10,19.41,178.6672,58.89386206,60.30337688,15511.6444
2018/4/11,19.61,187.4212,59.00653386,60.29476176,15531.2544
2018/4/12,19.65,178.948,58.72687907,60.28614259,15550.9044
2018/4/13,19.57,180.4044,58.93390791,60.27752221,15570.4744
2018/4/14,19.4,182.358,58.94109749,60.26892709,15589.8744
2018/4/15,19.26,180.5792,58.75556772,60.26033642,15609.1344
2018/4/16,19.43,182.2356,59.11397884,60.25172846,15628.5644
2018/4/17,19.56,180.0852,58.69137657,60.24310889,15648.1244
2018/4/18,19.55,180.786,58.78029349,60.23448999,15667.6744
2018/4/19,19.59,178.6828,58.77802762,60.22585852,15687.2644
2018/4/20,19.59,178.4628,58.5019282,60.21722112,15706.8544
2018/4/21,19.42,180.8964,58.73747069,60.20860142,15726.2744
2018/4/22,19.42,178.6864,58.68293916,60.19997483,15745.6944
2018/4/23,19.48,181.0716,58.86816441,60.19133568,15765.1744
2018/4/24,19.47,180.5924,58.47952163,60.18270384,15784.6444
2018/4/25,19.52,180.7984,58.52128497,60.17403959,15804.1644
2018/4/26,19.51,183.8892,58.58989818,60.16539304,15823.6744
2018/4/27,19.69,179.6448,58.80277278,60.15673299,15843.3644
2018/4/28,19.6,182.062,58.83018748,60.14809442,15862.9644
2018/4/29,19.44,180.6748,58.57213188,60.13945652,15882.4044
2018/4/30,19.67,181.6164,58.5036879,60.13079002,15902.0744
2018/5/1,19.67,183.5364,58.92910066,60.12211948,15921.7444
2018/5/2,19,183.73,58.90763821,60.11351102,15940.7444
2018/5/3,19.06,184.5952,58.76308696,60.10490324,15959.8044
2018/5/4,19.07,183.7044,58.77089301,60.09629801,15978.8744
2018/5/5,19.05,184.996,58.86346727,60.08770669,15997.9244
2018/5/6,19.11,183.7912,58.70520907,60.07909998,16017.0344
2018/5/7,19.09,184.9328,58.76840272,60.07049679,16036.1244
2018/5/8,19.07,183.2944,58.77758388,60.06190465,16055.1944
2018/5/9,19.09,183.9128,58.52935911,60.05331696,16074.2844
2018/5/10,19.08,181.6836,58.74447788,60.04473749,16093.3644
2018/5/11,19.22,182.1724,58.54001628,60.03612472,16112.5844
2018/5/12,19.19,183.1248,58.63316871,60.02750508,16131.7744
2018/5/13,19.11,181.9712,58.57339602,60.01889366,16150.8844
2018/5/14,19.05,184.226,58.73931478,60.01028575,16169.9344
2018/5/15,19.32,180.7944,58.35271439,60.00166341,16189.2544
2018/5/16,19.27,182.1184,58.53600109,59.99304176,16208.5244
2018/5/17,19.29,180.7868,58.48844202,59.98442173,16227.8144
2018/5/18,19.34,180.6928,58.37821495,59.9758203,16247.1544
2018/5/19,19.36,181.4312,58.51911855,59.96721199,16266.5144
2018/5/20,19.39,180.7788,58.46155517,59.95858833,16285.9044
2018/5/21,19.38,181.1096,58.37281631,59.94995781,16305.2844
2018/5/22,19.48,183.1916,58.43021393,59.94131476,16324.7644
2018/5/23,19.35,183.312,58.3298237,59.93270917,16344.1144
2018/5/24,19.25,182.41,58.34358605,59.92410802,16363.3644
2018/5/25,19.27,183.1384,58.30934029,59.9154953,16382.6344
2018/5/26,19.26,182.5892,58.08007605,59.9068823,16401.8944
2018/5/27,19.27,183.3384,58.16589546,59.89826999,16421.1644
2018/5/28,19.23,182.2416,58.31887537,59.88965552,16440.3944
2018/5/29,19.25,182.2,58.16031917,59.88103608,16459.6444
2018/5/30,19.29,183.4368,58.12950431,59.87240035,16478.9344
2018/5/31,19.34,183.2128,58.02546888,59.86375588,16498.2744
2018/6/1,19.23,183.0116,58.08188083,59.85512528,16517.5044
2018/6/2,19.15,183.088,58.19995026,59.84650573,16536.6544
2018/6/3,19.12,183.5304,58.10939464,59.83788591,16555.7744
2018/6/4,19.13,184.0196,58.16140172,59.82926772,16574.9044
2018/6/5,19.08,183.7536,57.98935311,59.82065303,16593.9844
2018/6/6,19.03,183.8976,58.11398813,59.81203901,16613.0144
2018/6/7,18.98,184.4616,57.98724946,59.80342285,16631.9944
2018/6/8,19,185.02,58.15599447,59.79480266,16650.9944
2018/6/9,18.8,188.106,58.11508763,59.78621893,16669.7944
2018/6/10,18.45,187.094,58.2462527,59.77760668,16688.2444
2018/6/11,18.27,187.8984,59.02134989,59.76899605,16706.5144
2018/6/12,1.76,15.6592,57.93659265,59.76813738,16708.2744
2018/6/13,0,0,59.86087153,59.76813738,16708.2744
2018/6/14,0,0,59.80528466,59.76813738,16708.2744
2018/6/15,0,0,59.76081018,59.76813738,16708.2744
2018/6/16,0,0,59.72745138,59.76813738,16708.2744
2018/6/17,0,0,59.70521081,59.76813738,16708.2744
2018/6/18,0,0,59.70521081,59.76813738,16708.2744
2018/6/19,0,0,59.68296909,59.76813738,16708.2744
2018/6/20,0,0,59.72745138,59.76813738,16708.2744
2018/6/21,0,0,59.72745138,59.76813738,16708.2744
2018/6/22,0,0,59.67184782,59.76813738,16708.2744
2018/6/23,0,0,59.63848237,59.76813738,16708.2744
2018/6/24,0,0,59.67184782,59.76813738,16708.2744
2018/6/25,0,0,59.60511438,59.76813738,16708.2744
2018/6/26,0,0,59.60511438,59.76813738,16708.2744
2018/6/27,0,0,59.60511438,59.76813738,16708.2744
2018/6/28,0,0,59.58286767,59.76484964,16708.2744
2018/6/29,0,0,59.5717439,59.75881953,16708.2744
2018/6/30,0,0,59.56061985,59.75280106,16708.2744
2018/7/1,0,0,59.54949551,59.74721217,16708.2744
2018/7/2,0,0,59.53837089,59.74172334,16708.2744
2018/7/3,0,0,59.49386962,59.73621408,16708.2744
2018/7/4,0,0,59.49386962,59.73070509,16708.2744
2018/7/5,0,0,59.49386962,59.72518603,16708.2744
2018/7/6,0,0,59.4716173,59.71968796,16708.2744
2018/7/7,0,0,59.4716173,59.71419674,16708.2744
2018/7/8,0,0,59.44936383,59.70879238,16708.2744
2018/7/9,0,0,59.43823669,59.7033083,16708.2744
2018/7/10,0,0,59.43823669,59.6978245,16708.2744
2018/7/11,0,0,59.42710927,59.69233626,16708.2744
2018/7/12,4.77,139.6184,55.31320012,59.68640706,16713.0444
2018/7/13,1.86,180.0012,63.48342098,59.6807971,16714.9044
2018/7/14,2.28,190.0276,60.18111255,59.67514415,16717.1844
2018/7/15,6.72,209.8924,54.24416028,59.66904091,16723.9044
2018/7/16,8.12,246.2304,57.4062284,59.66282703,16732.0244
2018/7/17,11.38,244.4396,58.37366036,59.65629558,16743.4044
2018/7/18,14.31,249.3352,56.71480677,59.64950306,16757.7144
2018/7/19,15.8,247.306,57.5969046,59.6425699,16773.5144
2018/7/20,16.44,243.8448,57.63733081,59.63557606,16789.9544
2018/7/21,16.85,247.602,58.09984677,59.62854787,16806.8044
2018/7/22,17.18,248.8656,58.3619842,59.62148816,16823.9844
2018/7/23,17.12,234.9404,58.77378839,59.61443549,16841.1044
2018/7/24,17.52,229.1084,58.37146002,59.60735319,16858.6244
2018/7/25,17.76,223.0792,58.62184535,59.60025255,16876.3844
2018/7/26,17.76,235.7092,58.91104476,59.59315425,16894.1444
2018/7/27,18.1893,229.204856,58.4735804,59.58601407,16912.3337
2018/7/28,18.3286,228.743712,58.41018443,59.57885983,16930.6623
2018/7/29,17.6108,218.611136,58.57196317,59.57177254,16948.2731
2018/7/30,16.9365,202.06508,58.24870823,59.56475132,16965.2096
2018/7/31,16.5203,189.028376,57.3188005,59.558102,16981.7299
2018/8/1,16.7256,196.671952,57.70426342,59.55155877,16998.4555
2018/8/2,16.7324,208.961408,58.46080729,59.54500201,17015.1879
2018/8/3,16.7953,204.886376,58.2733227,59.53844004,17031.9832
2018/8/4,16.911,210.19712,58.63216415,59.5318686,17048.8942
2018/8/5,16.6821,208.795432,58.29649793,59.52530778,17065.5763
2018/8/6,16.4696,202.102432,58.23444421,59.51877699,17082.0459
2018/8/7,16.4051,205.717592,58.41834487,59.51225006,17098.451
2018/8/8,16.2781,213.057752,58.71714469,59.50573124,17114.7291
2018/8/9,19.0205,198.60836,57.48650565,59.49895121,17133.7496
2018/8/10,19.2475,193.7902,57.2210476,59.49214441,17152.9971
2018/8/11,19.1071,196.091432,57.39798135,59.48534344,17172.1042
2018/8/12,18.9515,198.84388,57.59770971,59.47854921,17191.0557
2018/8/13,19.0482,198.006144,57.19677129,59.47174923,17210.1039
2018/8/14,19.4744,197.382048,57.25292514,59.46490323,17229.5783
2018/8/15,19.2389,201.710888,57.69794977,59.45806108,17248.8172
2018/8/16,19.3789,194.459688,57.1761572,59.45121475,17268.1961
2018/8/17,19.3637,195.370904,57.40367125,59.44436653,17287.5598
2018/8/18,19.3854,197.369168,57.39401268,59.4375204,17306.9452
2018/8/19,19.3837,194.999304,57.32500586,59.43065359,17326.3289
2018/8/20,19.496,195.33032,57.10816897,59.4238531,17345.8249
2018/8/21,19.5248,191.678016,56.85124967,59.41696911,17365.3497
2018/8/22,19.4876,197.690992,57.40202793,59.4100847,17384.8373
2018/8/23,19.349,197.06208,57.54433101,59.40321922,17404.1863
2018/8/24,19.2813,195.577496,57.2117814,59.39635703,17423.4676
2018/8/25,19.3093,195.435256,57.24535944,59.38949313,17442.7769
2018/8/26,19.9287,188.625704,56.82528705,59.38256869,17462.7056
2018/8/27,19.9353,191.855176,56.99721538,59.37564085,17482.6409
2018/8/28,19.4872,194.321024,57.1178534,59.36875597,17502.1281
2018/8/29,19.439,191.56488,56.91669096,59.3618754,17521.5671
2018/8/30,19.3106,192.705152,56.99660084,59.35500201,17540.8777
2018/8/31,19.285,191.4672,56.82546924,59.34813073,17560.1627
2018/9/1,19.2683,194.108536,57.02844718,59.34126008,17579.431
2018/9/2,17.8565,191.59148,56.65136165,59.33466792,17597.2875
2018/9/3,19.2622,193.519024,56.92468364,59.32760693,17616.5497
2018/9/4,19.1148,198.340816,57.07355566,59.3205571,17635.6645
2018/9/5,19.2287,203.021704,57.49388296,59.31350167,17654.8932
2018/9/6,18.438,202.39496,57.53860201,59.30653089,17673.3312
2018/9/7,18.44,203.8848,57.49089273,59.29985333,17691.7712
2018/9/8,18.4558,202.473536,57.63019105,59.29317677,17710.227
2018/9/9,18.517,204.65864,57.68554311,59.28649796,17728.744
2018/9/10,18.5024,200.159808,57.5011175,59.27982327,17747.2464
2018/9/11,17.1766,203.145872,57.99534208,59.27326908,17764.423
2018/9/12,17.3573,202.881416,57.73352354,59.26669494,17781.7803
2018/9/13,17.3558,199.281536,57.58872266,59.26011674,17799.1361
2018/9/14,17.3999,194.278008,57.47592489,59.2535263,17816.536
2018/9/15,17.3654,198.940768,57.57162982,59.24694781,17833.9014
2018/9/16,17.367,197.25064,57.66718663,59.24036302,17851.2684
2018/9/17,17.3695,195.94044,57.62471839,59.23377584,17868.6379
2018/9/18,17.3939,195.928488,57.38057519,59.22717643,17886.0318
2018/9/19,17.2645,191.75884,57.52405281,59.2205884,17903.2963
2018/9/20,17.2885,190.23692,57.20583883,59.21399148,17920.5848
2018/9/21,17.209,190.93328,57.17911715,59.20739764,17937.7938
2018/9/22,17.4041,198.487672,57.48121426,59.20078488,17955.1979
2018/9/23,17.5439,189.806488,57.00900114,59.19415666,17972.7418
2018/9/24,17.4512,197.723904,57.51669782,59.18753615,17990.193
2018/9/25,17.2855,194.23716,57.27745936,59.18093585,18007.4785
2018/9/26,17.105,195.8516,57.20543655,59.17434951,18024.5835
2018/9/27,16.7727,197.108184,57.48122225,59.16779751,18041.3562
2018/9/28,16.8402,197.262784,57.4278592,59.16124051,18058.1964
2018/9/29,17.0022,197.299824,57.43060064,59.15466575,18075.1986
2018/9/30,17.0066,197.579472,57.36976522,59.14808802,18092.2052
2018/10/1,16.9992,197.060064,57.16232578,59.14151611,18109.2044
2018/10/2,16.956,195.97352,57.99287033,59.13495264,18126.1604
2018/10/3,16.7966,197.516272,57.371428,59.12840555,18142.957
2018/10/4,16.3517,196.941864,57.48862529,59.12189836,18159.3087
2018/10/5,15.9427,194.954584,57.97644857,59.11543194,18175.2514
2018/10/6,16.0214,194.108288,57.42614376,59.10908898,18191.2728
2018/10/7,15.9528,195.093776,57.48270785,59.10262019,18207.2256
2018/10/8,16.0442,196.336464,57.46357241,59.09614359,18223.2698
2018/10/9,15.9566,195.933472,57.51651075,59.08967813,18239.2264
2018/10/10,15.9055,195.72756,58.00010383,59.08321033,18255.1319
2018/10/11,15.9272,197.085824,57.399203,59.0767433,18271.0591
2018/10/12,15.9549,198.363608,57.52443189,59.07027161,18287.014
2018/10/13,15.973,200.47216,57.79405813,59.06379728,18302.987
2018/10/14,16.0234,200.078128,57.61600713,59.0573201,18319.0104
2018/10/15,18.9072,196.497424,56.78984938,59.05055183,18337.9176
2018/10/16,15.9049,194.977608,57.41400673,59.04405049,18353.8225
2018/10/17,15.8333,197.263336,57.69224506,59.03758148,18369.6558
2018/10/18,15.8044,201.425648,57.51140548,59.03111563,18385.4602
2018/10/19,15.2007,196.833944,57.62923089,59.02470997,18400.6609
2018/10/20,15.5075,199.1894,57.98907549,59.01828089,18416.1684
2018/10/21,15.5272,197.867824,58.07868105,59.01185072,18431.6956
2018/10/22,15.627,199.86984,57.5544441,59.00540934,18447.3226
2018/10/23,15.7514,197.179888,57.47354094,58.99895579,18463.074
2018/10/24,15.6715,196.43628,57.39183396,58.99250904,18478.7455
2018/10/25,15.7,198.294,57.4111051,58.98606153,18494.4455
2018/10/26,15.59,200.3228,57.44669897,58.97961908,18510.0355
2018/10/27,15.61,195.7512,57.37615757,58.97317326,18525.6455
2018/10/28,15.51,195.1792,57.4403798,58.96673905,18541.1555
2018/10/29,15.4,196.088,57.35906274,58.96031549,18556.5555
2018/10/30,15.59,195.8628,57.35357602,58.95387363,18572.1455
2018/10/31,15.44,196.8248,57.45644363,58.9474499,18587.5855
2018/11/1,15.57,196.1344,57.16014163,58.94100599,18603.1555
2018/11/2,15.6,198.102,57.491323,58.9345662,18618.7555
2018/11/3,15.66,196.3072,57.2372003,58.92812212,18634.4155
2018/11/4,15.74,195.9808,57.07254102,58.92166721,18650.1555
2018/11/5,15.55,196.086,57.00038474,58.91523324,18665.7055
2018/11/6,15.76,194.7992,56.96716597,58.9087875,18681.4655
2018/11/7,15.5,198.64,57.3660199,58.90236736,18696.9655
2018/11/8,15.12,196.9504,57.45587202,58.89598777,18712.0855
2018/11/9,15.53,198.4376,57.67633057,58.88956745,18727.6155
2018/11/10,15.64,194.9788,56.76238813,58.88313538,18743.2555
2018/11/11,15.49,197.7608,57.82990181,58.87671489,18758.7455
2018/11/12,15.38,198.1796,57.34952113,58.87031159,18774.1255
2018/11/13,15.45,197.324,57.01127463,58.86390119,18789.5755
2018/11/14,15.02,196.0484,57.01011429,58.85751545,18804.5955
2018/11/15,15.04,194.9168,57.22581949,58.85113382,18819.6355
2018/11/16,14.76,194.8192,57.09615768,58.84478804,18834.3955
2018/11/17,14.81,195.0852,57.44121434,58.83845196,18849.2055
2018/11/18,14.96,195.3632,57.37483431,58.83210225,18864.1655
2018/11/19,15.7,195.094,56.52922105,58.82564557,18879.8655
2018/11/20,15.43,197.2556,57.32494644,58.8190726,18895.2955
2018/11/21,15.52,198.6384,57.04948485,58.81248976,18910.8155
2018/11/22,15.87,197.9904,57.02191995,58.80588399,18926.6855
2018/11/23,15.47,198.7224,56.9908178,58.79932994,18942.1555
2018/11/24,15.58,203.9336,57.04444672,58.7927735,18957.7355
2018/11/25,15.72,201.8624,57.33908217,58.78618478,18973.4555
2018/11/26,15.64,204.8988,57.59286776,58.77960767,18989.0955
2018/11/27,15.7,204.084,57.49878292,58.77302629,19004.7955
2018/11/28,15.7,201.754,57.3072292,58.76644437,19020.4955
2018/11/29,15.6,203.942,57.36850504,58.75987498,19036.0955
2018/11/30,15.82,204.8444,57.39819837,58.75313528,19051.9155
2018/12/1,15.48,202.6516,57.34128234,58.74640533,19067.3955
2018/12/2,15.47,201.9124,57.11298939,58.73967952,19082.8655
2018/12/3,15.32,202.3844,57.42171458,58.73296906,19098.1855
2018/12/4,15.4312,200.215504,57.34269615,58.72625049,19113.6167
2018/12/5,1.324425,16.849046,57.82566301,58.72084389,19114.94113
2018/12/6,15.5106,201.689152,57.05101722,58.71442063,19130.45173
2018/12/7,15.8913,201.978696,56.89516652,58.70811308,19146.34303
2018/12/8,15.9321,202.465432,57.38479014,58.70180355,19162.27513
2018/12/9,16.0015,202.17988,57.00181584,58.69548139,19178.27663
2018/12/10,15.9744,200.612048,56.56779909,58.68926635,19194.25103
2018/12/11,15.2798,200.407616,57.11861353,58.68310758,19209.53083
2018/12/12,15.4167,199.316664,57.10941498,58.67689638,19224.94753
2018/12/13,15.4312,198.775504,56.9499666,58.67066174,19240.37873
2018/12/14,15.4813,199.591496,56.84464417,58.66440023,19255.86003
2018/12/15,15.9271,199.615832,56.48568232,58.65807077,19271.78713
2018/12/16,15.6294,199.289648,56.62802131,58.65176292,19287.41653
2018/12/17,15.5503,198.795976,56.54477395,58.64561904,19302.96683
2018/12/18,15.6123,199.601016,57.56106599,58.6393336,19318.57913
2018/12/19,15.6085,198.96132,56.7416219,58.6330153,19334.18763
2018/12/20,15.9368,198.875056,56.32013446,58.62666369,19350.12443
2018/12/21,15.625,198.81,56.63343588,58.62034847,19365.74943
2018/12/22,15.6748,199.396016,56.78017777,58.61401534,19381.42423
2018/12/23,15.3843,200.099256,56.68101424,58.60770568,19396.80853
2018/12/24,15.5238,199.518096,56.57427818,58.60138086,19412.33233
2018/12/25,15.6217,199.430264,56.44685596,58.59504911,19427.95403
2018/12/26,15.3494,199.022048,56.74543013,58.59266875,19443.30343
2018/12/27,15.4182,197.876544,56.44201693,58.58634207,19458.72163
2018/12/28,15.3922,200.358624,57.05685284,58.58002594,19474.11383
2018/12/29,15.4722,200.522224,56.87571242,58.57382918,19489.58603
2018/12/30,15.3721,201.310232,56.5229996,58.56770868,19504.95813
2018/12/31,15.1688,200.896496,56.83070235,58.5616216,19520.12693
2019/1/1,15.1074,198.881408,56.84335039,58.55555047,19535.23433
2019/1/2,15.0788,201.183696,57.00095035,58.54950119,19550.31313
2019/1/3,15.0104,198.979168,56.87804929,58.5434786,19565.32353
2019/1/4,15.1828,195.655376,56.60194903,58.53746754,19580.50633
2019/1/5,15.1791,195.135672,56.34325992,58.53146917,19595.68543
2019/1/6,15.2973,198.336216,56.83359114,58.52547543,19610.98273
2019/1/7,15.4986,201.280112,56.68257271,58.51947489,19626.48133
2019/1/8,15.5932,199.362544,56.40815512,58.51347828,19642.07453
2019/1/9,15.2715,197.55828,56.62137058,58.50752758,19657.34603
2019/1/10,15.1985,196.72412,56.45046333,58.50159797,19672.54453
2019/1/11,15.1489,195.678088,56.04568729,58.49568423,19687.69343
2019/1/12,15.2661,193.328712,56.18113603,58.48977279,19702.95953
2019/1/13,15.3021,191.105832,56.18943232,58.48387099,19718.26163
2019/1/14,15.268,192.33856,56.32828611,58.477984,19733.52963
2019/1/15,15.3012,187.775904,57.16178393,58.47210473,19748.83083
2019/1/16,15.1952,186.414384,56.09003062,58.46624428,19764.02603
2019/1/17,15.3388,187.092896,56.23833212,58.46037774,19779.36483
2019/1/18,15.2013,186.093896,55.96626699,58.45453592,19794.56613
2019/1/19,15.2886,185.026912,56.04994672,58.44867162,19809.85473
2019/1/20,15.2776,185.017792,55.70860898,58.44284379,19825.13233
2019/1/21,15.1011,185.571912,55.89021641,58.43704178,19840.23343
2019/1/22,15.2716,184.908272,55.67051752,58.43122222,19855.50503
2019/1/23,15.3021,186.805832,55.96727118,58.42539285,19870.80713
2019/1/24,15.1619,188.147048,55.67897122,58.41961068,19885.96902
2019/1/25,15.1721,189.146232,55.8613487,58.41383633,19901.14113
2019/1/26,15.2041,189.143672,55.84773292,58.40806804,19916.34523
2019/1/27,15.2495,188.43004,55.72608269,58.40230437,19931.59473
2019/1/28,15.1536,190.177712,56.11663283,58.39655895,19946.74833
2019/1/29,15.2431,191.250552,55.74359217,58.3908126,19961.99143
2019/1/30,15.3212,190.854304,55.71761869,58.3850656,19977.31263
2019/1/31,15.5713,191.864296,56.09902351,58.37930628,19992.88393
2019/2/1,15.6032,190.801744,55.87382504,58.37355109,20008.48713
2019/2/2,15.4239,193.046088,55.47063379,58.36782375,20023.91103
2019/2/3,15.5413,192.776696,55.74513624,58.36209017,20039.45233
2019/2/4,15.6121,193.271032,55.68969827,58.35635737,20055.06443
2019/2/5,15.1025,192.0018,55.83580379,58.3506824,20070.16693
2019/2/6,15.1018,185.971856,55.48979978,58.34501632,20085.26873
2019/2/7,15.2347,191.891224,55.72703716,58.33934736,20100.50343
2019/2/8,15.3147,189.024824,55.37840576,58.33367296,20115.81813
2019/2/9,15.6712,191.096304,55.38191187,58.32797936,20131.48933
2019/2/10,15.7025,191.0638,55.37993556,58.32229716,20147.19183
2019/2/11,15.6928,189.794576,55.2935629,58.31663838,20162.88463
2019/2/12,15.4233,190.696136,56.07377716,58.31098206,20178.30793
2019/2/13,15.5821,188.923432,55.26460459,58.30533255,20193.89003
2019/2/14,15.8762,189.619904,55.36891001,58.29966517,20209.76623
2019/2/15,15.4327,187.775384,55.633793,58.29404631,20225.19893
2019/2/16,15.239,190.33088,55.56224214,58.28845208,20240.43793
2019/2/17,15.1859,189.105128,55.37602862,58.28287311,20255.62383
2019/2/18,15.2013,188.793896,55.64277424,58.27730061,20270.82513
2019/2/19,15.2014,188.443888,55.49611993,58.27173445,20286.02653
2019/2/20,15.3021,188.375832,55.58244003,58.26617147,20301.32863
2019/2/22,0,0,43.00591002,58.26617147,20301.32863
2019/2/23,15.7281,188.371752,55.26614176,58.26060319,20317.05673
2019/2/24,15.127,187.33984,55.3956607,58.25509096,20332.18373
2019/2/25,15.1344,187.219248,55.32747525,58.24958787,20347.31813
2019/2/26,15.3078,187.005376,55.13799475,58.24408644,20362.62593
2019/2/27,15.1499,185.088008,55.33512119,58.23860283,20377.77583
2019/2/28,15.1321,185.119432,55.34398003,58.2331229,20392.90793
2019/3/1,15.0904,186.012768,55.14963678,58.2276557,20407.99833
2019/3/2,15.1025,187.6118,55.42988541,58.22221068,20423.10083
2019/3/3,15.1024,188.451808,55.11963156,58.21677819,20438.20323
2019/3/4,15.1273,187.739816,55.11390578,58.21135208,20453.33053
2019/3/5,15.6728,188.496176,55.41286366,58.20588551,20469.00333
2019/3/6,15.0989,190.052088,55.13095352,58.20048622,20484.10223
2019/3/7,15.1086,191.511312,55.56110125,58.19509569,20499.21083
2019/3/8,15.1073,192.651416,55.62291622,58.18971775,20514.31813
2019/3/9,15.2312,192.721504,55.41774377,58.18433589,20529.54933
2019/3/10,15.7012,192.393904,55.5328091,58.17892632,20545.25053
2019/3/11,15.73,192.6216,55.23236808,58.17352128,20560.98053
2019/3/12,15.6206,192.730352,55.88973517,58.16813004,20576.60113
2019/3/13,15.2346,193.631232,55.77810648,58.16289439,20591.83573
2019/3/14,15.3264,192.333888,55.63593338,58.15765233,20607.16213
2019/3/15,15.3187,192.424504,55.1407696,58.1523301,20622.48083
2019/3/16,15.3744,192.240048,54.89394888,58.14699779,20637.85523
2019/3/17,14.7781,175.247752,55.35193981,58.14173279,20652.63333
2019/3/18,12.8321,150.273432,46.69457778,58.1366544,20665.46543
2019/3/19,15.3205,194.40436,55.33275689,58.13135419,20680.78593
2019/3/20,15.2668,194.038656,55.45932813,58.12606453,20696.05273
2019/3/21,15.2713,189.998296,55.11569332,58.12078408,20711.32403
2019/3/22,15.0239,189.878088,55.32314304,58.11552704,20726.34793
2019/3/23,14.3735,181.51012,57.33687221,58.11034376,20740.72143
2019/3/24,14.5362,194.697104,55.88146033,58.10516516,20755.25763
2019/3/25,15.1362,191.919104,55.35166612,58.09993654,20770.39383
2019/3/26,15.471,192.98232,55.20928179,58.09468152,20785.86483
2019/3/27,15.5298,194.337616,55.21912311,58.08942562,20801.39463
2019/3/28,15.5967,193.082264,55.13825382,58.08416862,20816.99133
2019/3/29,15.6017,185.801864,54.87049511,58.07894954,20832.59303
2019/3/30,15.1332,189.129344,57.16101496,58.07379976,20847.72623
2019/3/31,0,0,56.6585139,58.07001919,20847.72623
2019/4/1,0,0,56.53528402,58.06625291,20847.72623
2019/4/2,0,0,56.46805175,58.06249376,20847.72623
2019/4/3,7.2476,134.670192,47.85625035,58.05811837,20854.97383
2019/4/4,8.3115,230.04508,49.24055877,58.05362384,20863.28533
2019/4/5,10.1462,234.678304,53.09395458,58.04895089,20873.43153
2019/4/6,12.0376,265.426992,55.94802289,58.0441183,20885.46913
2019/4/7,12.6574,235.327408,56.16077421,58.03923018,20898.12653
2019/4/8,12.7212,239.532304,56.37741577,58.0343445,20910.84773
2019/4/9,13.1025,238.0718,56.39609131,58.02943195,20923.95023
2019/4/10,13.126,225.27992,56.06522105,58.02452713,20937.07623
2019/4/11,13.1176,222.610592,56.18789178,58.01964101,20950.19383
2019/4/12,13.1211,224.310312,56.38916875,58.01476214,20963.31493
2019/4/13,14.4546,224.993632,55.82538206,58.00976912,20977.76953
2019/4/14,14.5013,232.199896,56.16453806,58.00477472,20992.27083
2019/4/15,14.4454,232.094368,56.47583467,57.9997828,21006.71623
2019/4/16,14.8725,234.8102,56.01757466,57.9946914,21021.58873
2019/4/17,14.8692,228.170464,55.8035741,57.98957569,21036.45793
2019/4/18,14.9138,234.586896,56.15744884,57.98447816,21051.37173
2019/4/19,14.9082,239.137344,56.24238935,57.97939433,21066.27993
2019/4/20,14.4014,235.277888,56.42019495,57.97438402,21080.68133
2019/4/21,14.8367,232.263064,56.28190029,57.96936377,21095.51803
2019/4/22,14.6278,232.109776,56.37553112,57.96435702,21110.14583
2019/4/23,14.5762,234.333904,56.3328521,57.959361,21124.72203
2019/4/24,14.9211,232.446312,56.40531736,57.95433528,21139.64313
2019/4/25,14.6263,234.509896,56.30349424,57.9493373,21154.26943
2019/4/26,14.9821,232.391432,56.45854819,57.9443073,21169.25153
2019/4/27,14.9731,234.792152,56.64110513,57.93928219,21184.22463
2019/4/28,14.9231,232.416152,56.12740572,57.93427231,21199.14773
2019/4/29,14.9623,232.503016,56.19652375,57.92927511,21214.11003
2019/4/30,14.9427,232.004584,56.04194986,57.92433235,21229.05273
2019/5/1,14.6827,228.975384,56.81096917,57.91939791,21243.73543
2019/5/2,14.2799,229.707608,56.79792506,57.91450091,21258.01533
2019/5/3,14.3651,232.430792,56.72075178,57.90960411,21272.38043
2019/5/4,14.6266,232.319872,56.54030304,57.90467054,21287.00703
2019/5/5,14.5996,233.182032,56.19176573,57.89968524,21301.60663
2019/5/6,14.9863,232.321096,56.50171316,57.89468044,21316.59293
2019/5/7,14.9121,233.387032,56.39876467,57.88970318,21331.50503
2019/5/8,14.8363,234.063096,56.64079951,57.88475496,21346.34133
2019/5/9,14.8821,229.809432,56.9052228,57.87981733,21361.22343
2019/5/10,14.8965,230.95828,56.27398322,57.87488478,21376.11993
2019/5/11,14.9121,234.467032,56.68081773,57.86997557,21391.03203
2019/5/12,14.8865,233.47908,56.35449202,57.86507272,21405.91853
2019/5/13,14.6568,233.337456,56.26632573,57.86021075,21420.57533
2019/5/14,15.2592,234.429264,56.08806203,57.85531802,21435.83453
2019/5/15,14.9187,232.256504,56.08714143,57.85048461,21450.75323
2019/5/16,14.6659,235.506728,56.57556438,57.84567617,21465.41913
2019/5/17,14.8041,235.185672,56.4008026,57.84086788,21480.22323
2019/5/18,14.8057,234.035544,56.29472358,57.83605969,21495.02893
2019/5/19,14.7196,233.972432,56.34528293,57.83126438,21509.74853
2019/5/20,14.8637,234.480904,56.21285776,57.82647082,21524.61223
2019/5/21,14.7531,233.139752,56.34429547,57.82169666,21539.36533
2019/5/22,14.7107,231.983144,56.46253795,57.8169302,21554.07603
2019/5/23,14.8214,232.034288,56.25607168,57.81211569,21568.89743
2019/5/24,14.6325,231.9294,55.99389629,57.807297,21583.52993
2019/5/25,14.7352,232.211184,56.02793792,57.80236002,21598.26513
2019/5/26,14.6811,230.295512,55.95346837,57.79743721,21612.94623
2019/5/27,14.7947,227.966424,55.91448362,57.79254006,21627.74093
2019/5/28,14.8676,225.910592,56.3495702,57.78765514,21642.60853
2019/5/29,14.7936,227.476512,55.95541581,57.78279898,21657.40213
2019/5/30,14.6258,228.419936,57.38907669,57.77797158,21672.02793
2019/5/31,14.6112,226.951104,55.75663996,57.77315632,21686.63913
2019/6/1,14.791,228.02672,55.89461789,57.76834364,21701.43013
2019/6/2,14.7625,228.159,56.23744511,57.76354402,21716.19263
2019/6/3,14.7516,231.489872,55.93137276,57.75875752,21730.94423
2019/6/4,15.1241,231.640072,56.17169537,57.75394435,21746.06833
2019/6/5,15.2311,231.761512,55.93592889,57.74913848,21761.29943
2019/6/6,14.9333,229.915336,55.79522422,57.74436896,21776.23273
2019/6/7,15.2324,229.811408,56.0022533,57.73958117,21791.46513
2019/6/8,15.2148,227.132816,55.77179127,57.73480365,21806.67993
2019/6/9,15.0193,228.628456,56.14829957,57.7300548,21821.69923
2019/6/10,14.9317,227.175464,56.31055554,57.72532302,21836.63093
2019/6/11,14.9512,227.943904,56.2723197,57.72059101,21851.58213
2019/6/12,14.9064,230.157488,55.99758527,57.71585819,21866.48853
2019/6/13,14.9052,229.137584,56.16151941,57.71113155,21881.39373
2019/6/14,14.625,229.03,56.15796253,57.70636516,21896.01873
2019/6/15,14.8178,229.964576,55.58667113,57.70159141,21910.83653
2019/6/16,12.6125,194.991,55.45577796,57.69702032,21923.44903
2019/6/17,12.9176,197.966592,49.84057462,57.69243818,21936.36663
2019/6/18,14.9211,197.076312,53.43960329,57.68768959,21951.28773
2019/6/19,14.9653,197.492776,53.84963458,57.68294345,21966.25303
2019/6/20,15.0168,228.998656,54.99739551,57.67819593,21981.26983
2019/6/21,15.021,226.84832,55.05427257,57.6734701,21996.29083
2019/6/22,15.0177,225.428584,55.02292024,57.66876187,22011.30853
2019/6/23,15.0124,225.279008,55.10374455,57.66406355,22026.32093
2019/6/24,15.1201,225.770392,54.84520911,57.65936566,22041.44103
2019/6/25,15.1278,225.469776,54.93826605,57.65466251,22056.56883
2019/6/26,15.0715,223.87428,54.64605435,57.64997585,22071.64033
2019/6/27,15.0833,224.103336,55.01204287,57.645294,22086.72363
2019/6/28,14.7461,224.270312,56.89066126,57.64064468,22101.46973
2019/6/29,14.6981,222.944152,55.0952988,57.63600463,22116.16783
2019/6/30,15.0623,223.135016,54.89809891,57.63134,22131.23013
2019/7/1,15.0715,220.83428,55.13831286,57.62668601,22146.30163
2019/7/2,15.0631,221.454952,54.72112967,57.62203804,22161.36473
